,1,Christine,779,,Susan,743,,Susan,851,,Karen,826,,Susan,915,,Susan,889,,Susan,848,,Susan,768,,Susan,729,,Susan,741,,Karen,640,,Karen,560,,Michelle,587,,Karen,651,,Lisa,760,,Lisa,934,,Lisa,786,,Lisa,674,,Michelle,618,,Michelle,529,,Sarah,508,,Sarah,564,,Sarah,520,,Sarah,617,,Sarah,544,,Sarah,578,,Sarah,657,,Sarah,648,,Sarah,661,,Sarah,678,,Sarah,667,,Sarah,655,,Sarah,791,,Sarah,724,,Sarah,667,,Sarah,639,,Jessica,602,,Jessica,591,,Jessica,565,,Jessica,558,,Jessica,479,,Jessica,547,,Jessica,504,,Jessica,429,,Jessica,380,,Jessica,375,,Jessica,381,,Jessica,337,,Jessica,327,,Emma,379,,Emma,352,,Emma,315,,Charlotte,324,,Ella,418,,Sophie,356,,Sophie,386,,Sophie,377,,Ruby,335,,Olivia,312,,Charlotte,303,,Charlotte,255,,Olivia,268,,Olivia,266,,Charlotte,277,,Charlotte,233,,Amelia,255,,Isla,243,,Charlotte,227,,Isla,246
,2,Susan,735,,Christine,689,,Christine,754,,Susan,813,,Karen,808,,Karen,735,,Karen,709,,Karen,716,,Karen,655,,Karen,688,,Susan,596,,Susan,506,,Karen,551,,Lisa,638,,Karen,624,,Michelle,674,,Michelle,666,,Michelle,662,,Lisa,598,,Lisa,520,,Michelle,491,,Nicola,492,,Nicola,413,,Rebecca,483,,Rebecca,513,,Rebecca,473,,Rebecca,430,,Rebecca,464,,Rebecca,432,,Rebecca,451,,Jessica,447,,Jessica,450,,Jessica,458,,Jessica,489,,Emma,495,,Jessica,497,,Sarah,551,,Sarah,560,,Sarah,495,,Sarah,460,,Sarah,399,,Sarah,425,,Hannah,333,,Georgia,365,,Georgia,330,,Georgia,354,,Olivia,377,,Hannah,318,,Olivia,327,,Sophie,307,,Charlotte,330,,Ella,292,,Ella,320,,Sophie,351,,Olivia,308,,Ruby,305,,Olivia,335,,Olivia,324,,Sophie,290,,Emily,284,,Olivia,243,,Charlotte,260,,Charlotte,262,,Harper,236,,Isla,229,,Charlotte,248,,Charlotte,222,,Isla,214,,Amelia,210
,3,Margaret,562,,Margaret,559,,Karen,615,,Christine,773,,Christine,609,,Christine,656,,Christine,675,,Christine,614,,Sandra,568,,Sandra,573,,Sandra,525,,Sandra,452,,Deborah,495,,Michelle,613,,Michelle,549,,Karen,515,,Karen,497,,Rachel,584,,Rachel,496,,Rachel,490,,Lisa,477,,Angela,474,,Angela,404,,Angela,434,,Kelly,466,,Kelly,399,,Anna,390,,Anna,353,,Emma,360,,Kelly,363,,Rebecca,402,,Rebecca,383,,Emma,393,,Emma,370,,Jessica,474,,Samantha,488,,Samantha,489,,Samantha,452,,Hannah,397,,Samantha,377,,Samantha,362,,Hannah,377,,Sarah,316,,Hannah,365,,Olivia,326,,Emma,349,,Hannah,357,,Emma,303,,Hannah,316,,Ella,302,,Ella,306,,Charlotte,278,,Sophie,295,,Olivia,285,,Ella,297,,Olivia,304,,Ruby,322,,Sophie,309,,Emily,288,,Ruby,276,,Isla,226,,Harper,259,,Isla,239,,Isla,232,,Olivia,211,,Isla,232,,Amelia,213,,Amelia,206,,Charlotte,208
,4,Judith,531,,Judith,459,,Judith,478,,Jennifer,460,,Jennifer,458,,Deborah,515,,Julie,499,,Deborah,543,,Christine,547,,Christine,497,,Julie,425,,Michelle,446,,Susan,492,,Deborah,479,,Tania,456,,Joanne,456,,Rachel,466,,Joanne,567,,Nicola,479,,Nicola,490,,Nicola,467,,Lisa,445,,Lisa,399,,Nicola,380,,Angela,351,,Lisa,398,,Lisa,376,,Kelly,335,,Kelly,353,,Emma,363,,Amy,324,,Amanda,315,,Rebecca,355,,Amanda,341,,Rebecca,369,,Emma,462,,Emma,435,,Emma,428,,Samantha,371,,Hannah,363,,Hannah,333,,Samantha,318,,Georgia,313,,Sarah,359,,Hannah,324,,Olivia,343,,Georgia,351,,Olivia,303,,Emma,310,,Emily,292,,Sophie,299,,Olivia,274,,Emma,286,,Emma,280,,Isabella,288,,Isabella,288,,Charlotte,305,,Isabella,277,,Charlotte,285,,Sophie,275,,Emily,221,,Sophie,255,,Harper,236,,Olivia,225,,Amelia,205,,Olivia,225,,Olivia,208,,Olivia,185,,Mila,182
,5,Jennifer,460,,Jennifer,448,,Margaret,467,,Margaret,437,,Margaret,428,,Julie,475,,Deborah,476,,Sandra,501,,Deborah,518,,Deborah,462,,Sharon,422,,Joanne,443,,Joanne,430,,Susan,430,,Kim,435,,Tania,446,,Joanne,446,,Nicola,470,,Joanne,476,,Angela,439,,Rachel,454,,Michelle,441,,Rebecca,373,,Michelle,365,,Lisa,323,,Angela,369,,Kelly,340,,Lisa,324,,Lisa,332,,Jessica,339,,Emma,320,,Emma,312,,Amanda,353,,Nicole,322,,Samantha,364,,Rebecca,328,,Rebecca,358,,Nicole,360,,Emma,360,,Emma,351,,Emma,278,,Emma,291,,Samantha,296,,Emma,352,,Emma,308,,Hannah,332,,Grace,297,,Grace,296,,Sophie,308,,Jessica,291,,Hannah,286,,Jessica,257,,Olivia,278,,Charlotte,263,,Charlotte,269,,Ella,283,,Isabella,286,,Charlotte,258,,Ruby,280,,Olivia,257,,Sophie,211,,Emily,247,,Ella,220,,Ava,217,,Harper,193,,Ruby,206,,Willow,184,,Ava,184,,Lily,180
,6,Mary,423,,Karen,432,,Jennifer,431,,Judith,427,,Deborah,415,,Jennifer,427,,Sandra,460,,Joanne,494,,Joanne,482,,Julie,448,,Joanne,417,,Donna,436,,Sandra,426,,Tania,419,,Joanne,423,,Nicola,431,,Nicola,431,,Karen,465,,Angela,456,,Sarah,438,,Angela,438,,Rebecca,396,,Michelle,368,,Lisa,362,,Michelle,312,,Anna,359,,Nicola,330,,Emma,304,,Anna,319,,Lisa,331,,Lisa,290,,Amy,296,,Nicole,310,,Rebecca,301,,Nicole,332,,Nicole,324,,Nicole,350,,Rebecca,353,,Rebecca,317,,Rebecca,320,,Georgia,274,,Olivia,285,,Emma,284,,Samantha,315,,Samantha,274,,Grace,285,,Sophie,287,,Georgia,291,,Grace,276,,Hannah,283,,Emily,282,,Sophie,254,,Emily,277,,Emily,258,,Lily,254,,Emily,266,,Lily,281,,Grace,246,,Isabella,265,,Isla,228,,Amelia,210,,Ella,233,,Amelia,211,,Amelia,215,,Ella,192,,Sophie,190,,Harper,177,,Willow,180,,Ava,179
,7,Elizabeth,419,,Patricia,421,,Elizabeth,394,,Linda,413,,Linda,409,,Linda,423,,Donna,408,,Julie,480,,Julie,479,,Sharon,445,,Deborah,398,,Deborah,413,,Lisa,420,,Angela,410,,Nicola,420,,Angela,427,,Tracey,423,,Tracey,457,,Sarah,448,,Joanne,427,,Rebecca,413,,Rachel,366,,Rachel,367,,Rachel,334,,Nicola,309,,Nicola,335,,Amy,324,,Michelle,292,,Amy,303,,Amy,319,,Melissa,290,,Rachel,295,,Amy,270,,Amy,299,,Amanda,303,,Hannah,287,,Hannah,339,,Hannah,350,,Nicole,299,,Nicole,309,,Rebecca,273,,Georgia,260,,Olivia,247,,Sophie,246,,Sarah,268,,Sarah,282,,Emma,276,,Sophie,285,,Ella,262,,Olivia,278,,Jessica,282,,Grace,248,,Grace,262,,Lily,255,,Emma,253,,Charlotte,257,,Ella,277,,Ella,243,,Ella,228,,Amelia,227,,Ella,206,,Isla,230,,Emily,203,,Mia,205,,Isabella,191,,Harper,188,,Ava,175,,Lily,174,,Willow,177
,8,Patricia,408,,Mary,398,,Robyn,387,,Robyn,407,,Wendy,402,,Sandra,411,,Jennifer,403,,Donna,440,,Sharon,421,,Linda,409,,Donna,396,,Sharon,394,,Tania,391,,Tracey,405,,Angela,410,,Deborah,387,,Angela,409,,Angela,413,,Tracey,440,,Tracey,354,,Melanie,351,,Melanie,316,,Natasha,322,,Melanie,329,,Rachel,307,,Rachel,335,,Emma,292,,Nicola,290,,Rachel,294,,Melissa,308,,Kelly,272,,Melissa,295,,Melissa,249,,Samantha,265,,Rachel,270,,Melissa,281,,Melissa,284,,Rachel,315,,Ashleigh,253,,Danielle,264,,Olivia,257,,Laura,230,,Courtney,217,,Olivia,244,,Grace,249,,Sophie,256,,Emily,260,,Samantha,280,,Emily,254,,Grace,248,,Olivia,275,,Hannah,223,,Jessica,261,,Grace,254,,Emily,245,,Lily,236,,Chloe,262,,Lily,241,,Amelia,226,,Ava,217,,Harper,204,,Mia,217,,Mia,196,,Mila,201,,Emily,186,,Mila,187,,Lily,175,,Isabella,171,,Olivia,175
,9,Linda,394,,Linda,386,,Patricia,380,,Elizabeth,371,,Elizabeth,399,,Robyn,382,,Elizabeth,403,,Sharon,439,,Donna,411,,Donna,402,,Michelle,382,,Tania,370,,Sharon,391,,Kim,401,,Deborah,397,,Tracey,372,,Tania,403,,Tania,386,,Karen,383,,Rebecca,345,,Joanne,340,,Natasha,307,,Amanda,304,,Amanda,316,,Tania,303,,Michelle,305,,Melissa,278,,Amy,285,,Michelle,276,,Anna,301,,Nicola,268,,Lisa,277,,Michelle,234,,Melissa,264,,Amy,268,,Laura,273,,Amy,275,,Ashleigh,279,,Laura,248,,Ashleigh,258,,Ashleigh,248,,Emily,230,,Laura,214,,Emily,215,,Emily,206,,Samantha,244,,Sarah,247,,Sarah,267,,Sarah,237,,Charlotte,243,,Grace,261,,Emily,216,,Hannah,254,,Hannah,241,,Jessica,245,,Emma,235,,Emily,232,,Emily,231,,Sophia,209,,Isabella,210,,Sophia,198,,Amelia,209,,Sophie,189,,Sophie,197,,Mia,180,,Willow,186,,Sophie,168,,Mila,170,,Harper,167
,10,Barbara,382,,Barbara,375,,Linda,369,,Wendy,368,,Judith,370,,Wendy,382,,Wendy,398,,Wendy,411,,Robyn,405,,Wendy,400,,Christine,376,,Julie,365,,Tracey,375,,Nicola,391,,Tracey,393,,Kim,359,,Deborah,332,,Deborah,339,,Tania,349,,Karen,333,,Tracey,303,,Amanda,277,,Melanie,288,,Anna,313,,Melissa,279,,Amy,290,,Amanda,275,,Rachel,275,,Nicola,250,,Rachel,289,,Anna,265,,Nicola,240,,Lisa,232,,Anna,262,,Anna,264,,Amanda,261,,Rachel,267,,Amy,265,,Danielle,226,,Laura,239,,Courtney,235,,Rebecca,227,,Rebecca,213,,Courtney,203,,Caitlin,203,,Emily,235,,Samantha,216,,Emily,231,,Georgia,226,,Georgia,221,,Isabella,206,,Isabella,180,,Lily,234,,Isabella,241,,Grace,237,,Amelia,222,,Emma,228,,Amelia,227,,Ava,207,,Ella,207,,Ruby,180,,Isabella,201,,Ava,188,,Emily,190,,Ava,180,,Ava,185,,Ella,163,,Ella,165,,Sophie,166
,11,Lynette,357,,Elizabeth,363,,Mary,359,,Patricia,367,,Robyn,356,,Elizabeth,382,,Sharon,395,,Linda,399,,Wendy,404,,Joanne,396,,Jacqueline,364,,Christine,354,,Donna,371,,Sandra,371,,Susan,365,,Susan,347,,Tracy,317,,Amanda,334,,Kelly,330,,Kelly,295,,Amanda,299,,Joanne,261,,Joanne,270,,Melissa,292,,Anna,269,,Emma,284,,Angela,273,,Melissa,267,,Melissa,237,,Nicola,284,,Rachel,263,,Anna,239,,Anna,230,,Lisa,261,,Laura,257,,Rachel,243,,Laura,261,,Stephanie,263,,Amy,213,,Georgia,235,,Danielle,223,,Courtney,226,,Danielle,213,,Caitlin,201,,Sophie,201,,Caitlin,225,,Caitlin,204,,Caitlin,220,,Charlotte,201,,Sarah,192,,Georgia,201,,Paige,180,,Isabella,224,,Jessica,228,,Hannah,232,,Chloe,216,,Zoe,219,,Chloe,220,,Chloe,204,,Chloe,199,,Isabella,170,,Ruby,200,,Ruby,184,,Isabella,185,,Aria,172,,Grace,181,,Mia,162,,Mia,164,,Hazel,164
,12,Robyn,340,,Robyn,356,,Barbara,335,,Sandra,363,,Helen,351,,Judith,377,,Joanne,389,,Robyn,392,,Linda,403,,Michelle,392,,Wendy,363,,Jacqueline,326,,Julie,363,,Joanne,369,,Donna,358,,Donna,335,,Kim,301,,Tracy,328,,Kim,292,,Tania,289,,Tania,266,,Kylie,252,,Melissa,253,,Kelly,284,,Melanie,253,,Jessica,269,,Michelle,272,,Angela,256,,Jessica,234,,Michelle,263,,Michelle,234,,Jenna,232,,Rachel,224,,Rachel,241,,Hannah,251,,Amy,236,,Danielle,249,,Danielle,253,,Emily,208,,Amy,230,,Nicole,222,,Danielle,223,,Sophie,198,,Grace,193,,Rebecca,199,,Ella,184,,Ella,164,,Ella,195,,Caitlin,197,,Paige,190,,Samantha,196,,Ruby,180,,Lucy,194,,Ruby,219,,Chloe,227,,Grace,213,,Ava,217,,Ava,205,,Isla,195,,Grace,191,,Ava,169,,Grace,194,,Lily,182,,Ella,185,,Zoe,167,,Ella,179,,Isabella,160,,Sophie,163,,Mia,161
,13,Anne,329,,Wendy,346,,Helen,327,,Mary,354,,Julie,344,,Margaret,362,,Linda,373,,Helen,388,,Michelle,400,,Jennifer,381,,Helen,336,,Tracey,320,,Angela,357,,Donna,364,,Sharon,338,,Sharon,330,,Sarah,293,,Sarah,326,,Amanda,290,,Melissa,288,,Karen,259,,Tania,245,,Tracey,247,,Kylie,256,,Natasha,242,,Amanda,265,,Rachel,255,,Kylie,227,,Amanda,218,,Angela,194,,Amanda,230,,Laura,225,,Nicola,210,,Hannah,223,,Lisa,227,,Danielle,232,,Stephanie,246,,Laura,249,,Melissa,195,,Olivia,225,,Laura,210,,Ashleigh,217,,Emily,195,,Rebecca,180,,Courtney,192,,Tayla,175,,Amy,162,,Brooke,168,,Samantha,188,,Isabella,186,,Brooke,192,,Lucy,174,,Chloe,190,,Amelia,198,,Ruby,213,,Zoe,201,,Amelia,216,,Isla,198,,Emma,195,,Mia,178,,Grace,166,,Emma,188,,Isabella,182,,Lucy,169,,Mila,167,,Emily,174,,Mila,154,,Hazel,160,,Ella,157
,14,Karen,328,,Helen,330,,Wendy,326,,Helen,334,,Patricia,341,,Patricia,353,,Robyn,363,,Jennifer,381,,Elizabeth,358,,Helen,337,,Elizabeth,332,,Linda,317,,Christine,338,,Helen,351,,Julie,328,,Fiona,311,,Sharon,290,,Kelly,319,,Deborah,289,,Amanda,276,,Kim,244,,Karen,235,,Kylie,239,,Natasha,231,,Amanda,242,,Melissa,253,,Jessica,212,,Amanda,214,,Angela,216,,Amanda,188,,Elizabeth,213,,Kelly,224,,Laura,209,,Michelle,215,,Melissa,224,,Stephanie,222,,Hayley,233,,Melissa,245,,Rachel,193,,Courtney,203,,Amy,203,,Nicole,209,,Ashleigh,194,,Brittany,174,,Laura,174,,Brooke,163,,Kate,161,,Madison,166,,Paige,173,,Caitlin,184,,Lucy,190,,Lily,169,,Ruby,174,,Lucy,196,,Lucy,202,,Paige,195,,Lucy,205,,Emma,189,,Mia,191,,Lily,177,,Mia,163,,Chloe,185,,Chloe,175,,Ruby,163,,Willow,166,,Isabella,171,,Chloe,153,,Harper,156,,Isabella,156
,15,Helen,325,,Heather,329,,Sharon,319,,Deborah,329,,Sandra,339,,Donna,351,,Judith,343,,Elizabeth,362,,Jennifer,337,,Robyn,333,,Jennifer,321,,Wendy,314,,Jacqueline,317,,Sharon,342,,Christine,324,,Julie,309,,Paula,289,,Kim,305,,Tracy,260,,Vanessa,267,,Fiona,239,,Andrea,219,,Tania,233,,Joanne,223,,Amy,206,,Natasha,241,,Kylie,205,,Jennifer,204,,Kylie,205,,Natasha,186,,Stacey,205,,Michelle,218,,Kelly,192,,Laura,212,,Kylie,210,,Kylie,222,,Ashleigh,220,,Hayley,200,,Kate,191,,Kate,195,,Sophie,201,,Sophie,200,,Brooke,184,,Kate,170,,Kate,170,,Rebecca,162,,Charlotte,149,,Isabella,159,,Lucy,160,,Lucy,179,,Paige,187,,Maia,168,,Georgia,168,,Madison,196,,Ava,196,,Ava,191,,Grace,192,,Sophia,179,,Lily,186,,Emma,176,,Chloe,158,,Ava,184,,Mila,170,,Lily,161,,Lucy,166,,Mia,167,,Emily,148,,Emily,153,,Ruby,149
,16,Diane,290,,Lynette,317,,Anne,319,,Anne,310,,Mary,315,,Sharon,341,,Mary,340,,Judith,322,,Helen,334,,Catherine,297,,Tania,317,,Helen,313,,Nicola,300,,Julie,342,,Helen,310,,Paula,287,,Donna,287,,Julie,285,,Andrea,259,,Deborah,259,,Vanessa,230,,Katrina,216,,Karen,228,,Karen,213,,Emma,203,,Tania,229,,Melanie,190,,Jessica,192,,Elizabeth,198,,Jennifer,186,,Natalie,202,,Kylie,214,,Samantha,188,,Stacey,211,,Natasha,202,,Natasha,213,,Natasha,213,,Anna,194,,Stephanie,186,,Stephanie,192,,Holly,195,,Stephanie,199,,Grace,178,,Laura,167,,Tayla,166,,Shania,159,,Rebecca,149,,Charlotte,152,,Isabella,156,,Holly,168,,Lily,181,,Brooke,162,,Paige,167,,Chloe,187,,Amelia,194,,Lucy,186,,Mia,187,,Zoe,175,,Grace,186,,Sophia,175,,Mila,156,,Lucy,178,,Zoe,167,,Chloe,159,,Grace,164,,Zoe,161,,Lucy,147,,Lucy,150,,Chloe,144
,17,Sandra,281,,Anne,309,,Heather,317,,Barbara,302,,Barbara,306,,Debra,341,,Helen,333,,Margaret,320,,Fiona,317,,Fiona,291,,Fiona,311,,Elizabeth,292,,Helen,296,,Christine,314,,Sandra,306,,Sarah,285,,Julie,281,,Susan,273,,Fiona,257,,Fiona,249,,Melissa,229,,Vanessa,215,,Anna,222,,Emma,210,,Joanne,199,,Melanie,222,,Elizabeth,186,,Natasha,182,,Hayley,183,,Hayley,182,,Gemma,196,,Kate,198,,Kylie,184,,Kate,199,,Stephanie,196,,Anna,211,,Anna,213,,Olivia,188,,Olivia,182,,Rachel,190,,Emily,187,,Caitlin,185,,Kate,175,,Danielle,166,,Ashleigh,166,,Courtney,158,,Courtney,147,,Kate,152,,Holly,150,,Samantha,160,,Sarah,161,,Georgia,162,,Amelia,164,,Brooke,173,,Madison,184,,Jessica,175,,Jessica,179,,Lucy,169,,Zoe,178,,Lucy,169,,Lily,153,,Zoe,177,,Lucy,161,,Zoe,157,,Sophie,162,,Chloe,151,,Grace,146,,Chloe,148,,Millie,137
,18,Wendy,280,,Sandra,299,,Sandra,312,,Heather,296,,Sharon,305,,Mary,338,,Margaret,322,,Michelle,317,,Jacqueline,309,,Elizabeth,287,,Linda,299,,Angela,292,,Wendy,295,,Fiona,306,,Jacqueline,299,,Andrea,265,,Fiona,281,,Vanessa,273,,Julie,249,,Melanie,248,,Megan,228,,Kim,210,,Emma,212,,Tania,195,,Jennifer,189,,Elizabeth,188,,Natasha,182,,Melanie,177,,Natasha,177,,Kylie,177,,Jennifer,196,,Hayley,196,,Elizabeth,184,,Stephanie,190,,Danielle,191,,Ashleigh,209,,Kate,190,,Natasha,179,,Kayla,180,,Emily,189,,Stephanie,186,,Grace,177,,Amy,166,,Holly,165,,Holly,160,,Kate,158,,Holly,144,,Amy,149,,Madison,149,,Brooke,154,,Holly,160,,Holly,160,,Maia,161,,Ava,170,,Maia,177,,Isla,169,,Paige,176,,Mia,165,,Lucy,176,,Mila,163,,Zoe,152,,Mila,174,,Grace,159,,Emma,156,,Georgia,152,,Hazel,151,,Ruby,146,,Grace,144,,Zoe,130
,19,Janet,275,,Diane,289,,Lynette,308,,Carol,292,,Diane,301,,Helen,320,,Patricia,307,,Jacqueline,300,,Catherine,303,,Tania,285,,Robyn,292,,Nicola,272,,Fiona,293,,Jacqueline,300,,Andrea,266,,Christine,260,,Susan,266,,Fiona,271,,Melanie,238,,Catherine,247,,Katrina,227,,Megan,206,,Elizabeth,200,,Elizabeth,185,,Kylie,183,,Kylie,185,,Tania,171,,Megan,168,,Natalie,167,,Elizabeth,174,,Laura,195,,Renee,188,,Hayley,183,,Natasha,190,,Kate,187,,Lisa,202,,Lauren,189,,Chloe,175,,Charlotte,175,,Sophie,177,,Chelsea,182,,Brooke,177,,Nicole,161,,Brooke,162,,Ella,157,,Madison,152,,Madison,144,,Anna,139,,Chloe,140,,Kate,146,,Chloe,154,,Chloe,150,,Zoe,161,,Mia,169,,Mia,170,,Hannah,168,,Hannah,175,,Paige,152,,Eva,161,,Harper,157,,Lucy,151,,Sophia,162,,Aria,156,,Grace,152,,Lily,150,,Lily,148,,Aria,132,,Ruby,135,,Grace,128
,20,Heather,272,,Carol,258,,Carol,296,,Lynette,290,,Lynette,299,,Joanne,309,,Debra,306,,Patricia,293,,Judith,278,,Jacqueline,277,,Catherine,290,,Kim,268,,Elizabeth,276,,Wendy,286,,Sarah,262,,Jacqueline,256,,Andrea,256,,Andrea,267,,Rebecca,235,,Kim,239,,Kelly,220,,Kelly,202,,Vanessa,199,,Vanessa,177,,Elizabeth,182,,Vanessa,174,,Renee,157,,Elizabeth,166,,Renee,162,,Renee,166,,Kate,194,,Jennifer,186,,Stacey,181,,Renee,175,,Ashleigh,184,,Elizabeth,192,,Amanda,182,,Kayla,174,,Sophie,169,,Renee,168,,Kate,180,,Kate,170,,Holly,155,,Tayla,158,,Brooke,157,,Charlotte,150,,Paige,140,,Jade,139,,Ruby,140,,Lily,141,,Ruby,143,,Amelia,146,,Madison,157,,Paige,163,,Holly,161,,Madison,168,,Madison,172,,Madison,151,,Paige,158,,Zoe,155,,Emma,146,,Lily,149,,Georgia,154,,Aria,147,,Chloe,149,,Lucy,147,,Hazel,130,,Matilda,125,,Lucy,117
,21,Pamela,259,,Pamela,247,,Diane,275,,Diane,273,,Carol,275,,Barbara,306,,Carol,281,,Carol,293,,Margaret,267,,Patricia,265,,Angela,284,,Fiona,268,,Catherine,270,,Maria,270,,Fiona,252,,Sandra,254,,Jacqueline,254,,Donna,265,,Vanessa,228,,Megan,234,,Deborah,219,,Catherine,202,,Megan,194,,Andrea,173,,Karen,177,,Jennifer,158,,Kate,157,,Tania,162,,Tania,156,,Stacey,162,,Renee,190,,Gemma,183,,Hannah,176,,Elizabeth,175,,Stacey,183,,Kate,190,,Courtney,182,,Kate,173,,Chloe,169,,Natasha,166,,Brooke,173,,Amy,162,,Paige,154,,Paige,157,,Madison,145,,Lucy,138,,Brooke,138,,Lucy,139,,Lily,137,,Madison,140,,Madison,142,,Samantha,141,,Brooke,154,,Zoe,162,,Sophia,149,,Samantha,148,,Isla,166,,Georgia,145,,Hannah,146,,Georgia,144,,Hannah,118,,Georgia,148,,Evelyn,141,,Willow,136,,Sophia,147,,Sophia,145,,Zoe,123,,Zoe,125,,Olive,117
,22,Carol,247,,Janice,240,,Pamela,251,,Pamela,267,,Debra,269,,Lynette,302,,Barbara,269,,Mary,285,,Debra,264,,Mary,260,,Suzanne,271,,Leanne,264,,Leanne,247,,Catherine,260,,Leanne,250,,Rachel,254,,Catherine,243,,Rebecca,258,,Donna,221,,Julie,222,,Anna,219,,Emma,199,,Kelly,190,,Tracey,167,,Megan,170,,Megan,155,,Jennifer,156,,Stacey,159,,Stacey,151,,Kate,158,,Hayley,187,,Natalie,181,,Natasha,175,,Nicola,173,,Michelle,174,,Lauren,176,,Megan,179,,Courtney,172,,Anna,167,,Melissa,166,,Natasha,165,,Anna,155,,Stephanie,146,,Amy,154,,Amy,135,,Paige,134,,Jade,134,,Holly,137,,Brooke,136,,Ruby,136,,Amelia,140,,Jade,137,,Holly,150,,Holly,152,,Zoe,147,,Georgia,146,,Sophia,163,,Jessica,142,,Georgia,134,,Paige,130,,Georgia,117,,Aria,137,,Sophia,130,,Georgia,134,,Evelyn,146,,Evelyn,132,,Ivy,121,,Freya,123,,Emily,116
,23,Janice,239,,Janet,239,,Julie,242,,Sharon,263,,Anne,263,,Heather,267,,Denise,268,,Fiona,275,,Patricia,263,,Nicola,246,,Kim,265,,Catherine,263,,Kim,246,,Elizabeth,257,,Elizabeth,239,,Helen,254,,Amanda,238,,Catherine,244,,Paula,220,,Andrea,220,,Kylie,218,,Anna,198,,Catherine,184,,Megan,167,,Tracey,167,,Joanne,155,,Claire,146,,Natalie,146,,Megan,150,,Natalie,153,,Kylie,178,,Elizabeth,176,,Jenna,170,,Kelly,170,,Elizabeth,173,,Stacey,174,,Elizabeth,178,,Ashley,166,,Courtney,165,,Anna,163,,Kayla,165,,Kayla,149,,Caitlin,144,,Nicole,153,,Charlotte,133,,Jade,133,,Lucy,134,,Rebecca,136,,Anna,133,,Chloe,133,,Zoe,132,,Sarah,135,,Samantha,150,,Kate,151,,Paige,146,,Sienna,143,,Georgia,149,,Hannah,132,,Jessica,129,,Hannah,126,,Eva,107,,Scarlett,127,,Eva,127,,Sophia,130,,Ruby,143,,Aria,130,,Olive,103,,Aria,120,,Aria,115
,24,Julie,230,,Suzanne,237,,Suzanne,235,,Suzanne,252,,Catherine,257,,Anne,262,,Anne,264,,Catherine,275,,Kim,256,,Suzanne,245,,Tracey,257,,Jennifer,256,,Maria,240,,Jennifer,256,,Paula,236,,Catherine,249,,Christine,230,,Sharon,243,,Megan,218,,Paula,219,,Andrea,214,,Tracey,192,,Fiona,182,,Kim,161,,Kim,165,,Tracey,147,,Catherine,143,,Kate,145,,Jennifer,150,,Laura,152,,Hannah,175,,Hannah,169,,Jennifer,165,,Kylie,163,,Renee,165,,Courtney,164,,Emily,169,,Megan,164,,Grace,162,,Chelsea,161,,Brittany,164,,Ashley,148,,Rachel,140,,Ashleigh,153,,Danielle,130,,Chloe,132,,Anna,126,,Jasmine,129,,Amy,130,,Jade,132,,Mia,131,,Kate,134,,Sarah,149,,Caitlin,146,,Georgia,144,,Mia,134,,Eva,142,,Eva,124,,Mila,121,,Aria,123,,Paige,106,,Eva,122,,Matilda,125,,Evelyn,129,,Hazel,125,,Ivy,123,,Matilda,101,,Ivy,114,,Freya,114
,25,Suzanne,228,,Raewyn,225,,Janice,231,,Catherine,236,,Suzanne,237,,Diane,261,,Catherine,263,,Debra,270,,Mary,246,,Margaret,244,,Denise,251,,Robyn,241,,Jennifer,239,,Linda,240,,Wendy,232,,Elizabeth,245,,Sandra,228,,Rachael,242,,Susan,217,,Rachael,216,,Rachael,210,,Fiona,191,,Julie,173,,Fiona,159,,Vanessa,160,,Kate,143,,Tracey,132,,Tracey,144,,Tracey,148,,Melanie,152,,Natasha,166,,Stacey,163,,Stephanie,162,,Jenna,154,,Sophie,160,,Charlotte,158,,Lisa,164,,Elizabeth,163,,Hayley,161,,Hayley,160,,Grace,160,,Brittany,147,,Charlotte,140,,Jasmine,140,,Lucy,128,,Anna,131,,Laura,126,,Paige,128,,Jade,128,,Amy,128,,Caitlin,124,,Caitlin,130,,Mia,143,,Maia,143,,Kate,143,,Holly,134,,Sienna,127,,Sienna,123,,Sienna,120,,Jessica,114,,Aria,104,,Evelyn,119,,Willow,123,,Hazel,125,,Ivy,125,,Georgia,120,,Millie,101,,Sophia,113,,Ivy,111
,26,Lorraine,224,,Sharon,222,,Dianne,223,,Julie,228,,Heather,236,,Catherine,249,,Diane,261,,Lynette,269,,Carol,238,,Debra,242,,Mary,250,,Denise,226,,Sarah,225,,Sarah,233,,Catherine,232,,Jennifer,242,,Helen,226,,Jacqueline,231,,Melissa,213,,Donna,211,,Julie,210,,Paula,184,,Katrina,171,,Amy,157,,Jessica,156,,Hayley,138,,Megan,131,,Hayley,139,,Melanie,142,,Julia,151,,Angela,165,,Natasha,163,,Kate,162,,Danielle,148,,Kelly,149,,Michelle,157,,Alexandra,161,,Charlotte,155,,Ashley,157,,Alexandra,157,,Charlotte,160,,Holly,145,,Lauren,134,,Charlotte,138,,Rachel,128,,Amy,129,,Isabella,122,,Ruby,124,,Kate,128,,Anna,120,,Kate,123,,Zoe,122,,Ava,142,,Georgia,142,,Brooke,142,,Sophia,132,,Holly,124,,Bella,119,,Madison,114,,Eva,110,,Sienna,101,,Willow,115,,Emma,122,,Eva,117,,Emma,122,,Matilda,111,,Scarlett,100,,Evelyn,109,,Evelyn,110
,27,Dianne,218,,Dianne,220,,Catherine,215,,Raewyn,218,,Joanne,232,,Carol,241,,Lynette,254,,Denise,250,,Lynette,235,,Tracey,238,,Margaret,248,,Sarah,217,,Linda,225,,Tracy,223,,Megan,221,,Wendy,233,,Leanne,225,,Paula,218,,Catherine,213,,Anna,201,,Elizabeth,200,,Elizabeth,184,,Paula,161,,Jennifer,154,,Catherine,146,,Katrina,137,,Louise,128,,Catherine,136,,Kate,142,,Tania,143,,Stephanie,151,,Stephanie,162,,Renee,156,,Jennifer,143,,Megan,145,,Nicola,154,,Kimberley,159,,Michelle,152,,Georgia,156,,Chloe,156,,Rachel,158,,Lauren,144,,Tayla,133,,Lauren,132,,Paige,126,,Laura,129,,Danielle,121,,Lily,123,,Rebecca,123,,Amelia,118,,Jade,118,,Madison,121,,Jasmine,132,,Samantha,140,,Maddison,137,,Bella,125,,Bella,117,,Holly,108,,Bella,102,,Madison,109,,Bella,99,,Isabelle,115,,Hannah,121,,Scarlett,114,,Freya,102,,Emma,110,,Poppy,99,,Georgia,109,,Georgia,105
,28,Marilyn,213,,Julie,214,,Deborah,214,,Jane,217,,Denise,226,,Denise,239,,Heather,253,,Anne,249,,Heather,232,,Angela,238,,Leanne,237,,Maria,214,,Tracy,216,,Leanne,222,,Jennifer,219,,Amanda,225,,Vanessa,217,,Melanie,207,,Sharon,211,,Susan,196,,Donna,197,,Tracy,180,,Kim,161,,Catherine,154,,Andrea,143,,Renee,136,,Helen,127,,Joanne,133,,Louise,135,,Hannah,136,,Tracey,134,,Angela,146,,Gemma,153,,Victoria,141,,Nicola,144,,Hayley,152,,Sophie,153,,Emily,152,,Alexandra,155,,Charlotte,155,,Lauren,157,,Rachel,140,,Anna,133,,Rachel,127,,Nicole,123,,Isabella,126,,Zoe,119,,Zoe,123,,Zoe,111,,Mia,113,,Maia,118,,Amy,119,,Kate,123,,Sophia,137,,Samantha,136,,Brooke,123,,Brooke,114,,Summer,107,,Scarlett,102,,Maia,104,,Willow,92,,Hazel,114,,Hazel,116,,Ivy,104,,Isabelle,100,,Evie,105,,Sophia,95,,Olive,109,,Sienna,105
,29,Rosemary,207,,Rosemary,198,,Raewyn,204,,Janet,213,,Pamela,225,,Suzanne,233,,Suzanne,236,,Heather,235,,Nicola,229,,Anne,223,,Patricia,227,,Jane,206,,Andrea,208,,Andrea,218,,Jane,205,,Leanne,216,,Joanna,204,,Elizabeth,207,,Rachael,204,,Kylie,196,,Catherine,193,,Julie,179,,Natalie,153,,Katrina,149,,Renee,128,,Karen,136,,Katrina,125,,Renee,132,,Hannah,131,,Tracey,132,,Tania,131,,Samantha,145,,Angela,140,,Gemma,141,,Natalie,144,,Kelly,146,,Stacey,152,,Lauren,148,,Natasha,153,,Ashley,154,,Alexandra,156,,Jasmine,137,,Brittany,125,,Zoe,126,,Taylor,119,,Danielle,125,,Jasmine,117,,Amber,119,,Jasmine,109,,Jasmine,112,,Amy,116,,Mia,119,,Hayley,122,,Sienna,131,,Sienna,118,,Maia,118,,Samantha,113,,Stella,106,,Holly,100,,Scarlett,97,,Evelyn,91,,Hannah,111,,Scarlett,107,,Indie,99,,Evie,96,,Scarlett,102,,Georgia,93,,Riley,104,,Layla,102
,30,Raewyn,207,,Deborah,190,,Janet,203,,Shirley,210,,Janice,218,,Vicki,221,,Vicki,227,,Diane,233,,Suzanne,224,,Kim,221,,Nicola,221,,Diane,206,,Alison,204,,Jane,205,,Tracy,200,,Tracy,213,,Jennifer,201,,Christine,207,,Jennifer,203,,Tracy,188,,Paula,186,,Joanna,177,,Jennifer,153,,Natalie,148,,Rachael,125,,Fiona,134,,Vanessa,124,,Vanessa,128,,Victoria,126,,Claire,131,,Megan,130,,Megan,142,,Charlotte,135,,Hayley,140,,Hayley,143,,Natalie,145,,Michelle,150,,Amber,148,,Michelle,152,,Kayla,152,,Anna,151,,Natasha,133,,Jasmine,124,,Alexandra,123,,Jasmine,117,,Nicole,125,,Chloe,116,,Danielle,115,,Amelia,103,,Hayley,109,,Jasmine,114,,Jasmine,118,,Caitlin,121,,Jade,128,,Isla,111,,Maddison,111,,Abigail,113,,Alexis,105,,Maia,100,,Eden,97,,Indie,91,,Jessica,101,,Evie,104,,Madison,97,,Matilda,93,,Abigail,101,,Riley,93,,Luna,103,,Poppy,102
,31,Kathleen,200,,Pauline,185,,Rosemary,194,,Janice,209,,Raewyn,207,,Pamela,215,,Michelle,219,,Suzanne,232,,Anne,224,,Heather,219,,Judith,213,,Lisa,202,,Jane,202,,Robyn,191,,Maria,198,,Janine,211,,Wendy,197,,Jennifer,203,,Jacqueline,199,,Jennifer,188,,Natasha,184,,Rachael,176,,Donna,153,,Julie,148,,Natalie,125,,Rachael,131,,Hayley,123,,Louise,126,,Claire,125,,Aimee,125,,Melanie,130,,Nicole,136,,Megan,133,,Ashleigh,136,,Chelsea,139,,Sophie,144,,Charlotte,149,,Lisa,146,,Elizabeth,150,,Shannon,146,,Caitlin,150,,Charlotte,130,,Natasha,123,,Lucy,120,,Kayla,111,,Ruby,122,,Ruby,115,,Alexandra,113,,Danielle,101,,Molly,103,,Amber,106,,Hayley,114,,Jade,114,,Amber,116,,Jade,107,,Jasmine,106,,Jasmine,111,,Mila,104,,Stella,98,,Bella,94,,Madison,89,,Ivy,99,,Ivy,102,,Isabelle,96,,Alice,93,,Thea,100,,Evelyn,92,,Ellie,99,,Matilda,101
,32,Pauline,199,,Alison,184,,Alison,192,,Denise,204,,Janet,199,,Janet,213,,Carolyn,216,,Barbara,225,,Vicki,221,,Denise,219,,Diane,205,,Patricia,201,,Diane,194,,Amanda,180,,Robyn,189,,Maria,205,,Maria,197,,Wendy,198,,Rochelle,192,,Helen,182,,Tracy,174,,Donna,175,,Rachael,148,,Helen,141,,Fiona,121,,Andrea,130,,Joanne,121,,Claire,125,,Catherine,124,,Megan,122,,Katherine,126,,Holly,135,,Lauren,132,,Megan,134,,Jennifer,134,,Jasmine,142,,Kelly,148,,Amanda,146,,Lisa,144,,Brooke,143,,Ashley,146,,Alexandra,129,,Lucy,121,,Taylor,117,,Anna,111,,Holly,121,,Tayla,110,,Kayla,113,,Tayla,94,,Laura,99,,Hayley,102,,Amber,99,,Sophia,105,,Maddison,116,,Sarah,105,,Eva,101,,Maddison,104,,Maia,100,,Abigail,95,,Zara,93,,Scarlett,87,,Evie,98,,Sienna,100,,Alice,96,,Eva,92,,Freya,100,,Stella,91,,Florence,98,,Sophia,101
,33,Alison,192,,Kathleen,183,,Pauline,188,,Pauline,195,,Jane,188,,Carolyn,203,,Jane,202,,Carolyn,225,,Diane,220,,Diane,212,,Jane,203,,Tracy,199,,Robyn,191,,Alison,175,,Amanda,178,,Joanna,200,,Rebecca,196,,Helen,196,,Elizabeth,192,,Elizabeth,181,,Emma,169,,Melissa,174,,Andrea,146,,Nicole,133,,Katrina,121,,Claire,130,,Andrea,120,,Katie,124,,Katie,123,,Catherine,120,,Nicole,120,,Claire,135,,Victoria,131,,Claire,131,,Chloe,127,,Renee,138,,Holly,147,,Chelsea,142,,Jasmine,144,,Caitlin,139,,Paige,140,,Amber,123,,Ashley,118,,Megan,117,,Brittany,110,,Victoria,119,,Ashleigh,108,,Tayla,110,,Elizabeth,93,,Rebecca,97,,Molly,102,,Anna,95,,Amber,103,,Sarah,114,,Katie,104,,Molly,100,,Maia,97,,Abigail,96,,Harper,94,,Willow,91,,Abigail,87,,Abigail,98,,Layla,95,,Matilda,95,,Mackenzie,88,,Riley,92,,Frankie,90,,Millie,98,,Frankie,100
,34,Gail,183,,Denise,181,,Kathleen,186,,Dianne,190,,Vicki,186,,Raewyn,201,,Fiona,200,,Nicola,219,,Raewyn,216,,Judith,208,,Lynette,196,,Suzanne,194,,Denise,180,,Paula,169,,Linda,177,,Vanessa,199,,Elizabeth,195,,Suzanne,194,,Christine,191,,Rochelle,178,,Helen,162,,Jennifer,174,,Deborah,143,,Rachael,130,,Julie,120,,Catherine,130,,Rachael,119,,Karen,118,,Katherine,117,,Louise,117,,Claire,120,,Lauren,127,,Katie,130,,Natalie,130,,Katie,126,,Alice,127,,Ashley,143,,Caitlin,140,,Chelsea,144,,Grace,135,,Melissa,138,,Melissa,117,,Zoe,117,,Anna,116,,Zoe,108,,Jasmine,116,,Lauren,104,,Chloe,109,,Nikita,93,,Amber,96,,Sophia,101,,Katie,92,,Eva,102,,Hayley,111,,Stella,104,,Elizabeth,100,,Summer,90,,Eden,96,,Alexis,91,,Mackenzie,90,,Hazel,85,,Maia,96,,Alice,94,,Mackenzie,94,,Layla,87,,Layla,92,,Florence,89,,Maia,97,,Luna,96
,35,Denise,174,,Lorraine,178,,Shirley,184,,Joanne,181,,Dianne,186,,Jane,201,,Raewyn,193,,Raewyn,219,,Carolyn,214,,Lynette,207,,Anne,196,,Heather,193,,Mary,179,,Kathryn,169,,Janine,175,,Linda,187,,Janine,190,,Megan,194,,Wendy,185,,Leanne,177,,Jennifer,162,,Deborah,174,,Helen,139,,Tracy,123,,Helen,118,,Louise,127,,Fiona,116,,Kim,116,,Katrina,114,,Victoria,115,,Holly,118,,Katie,121,,Danielle,125,,Ashley,126,,Ashley,123,,Katie,125,,Olivia,140,,Stacey,138,,Lauren,135,,Jasmine,135,,Chloe,130,,Chelsea,117,,Madison,117,,Shannon,114,,Jade,107,,Ashleigh,113,,Lily,98,,Courtney,107,,Kayla,89,,Jorja,96,,Paris,100,,Sophia,91,,Molly,100,,Amy,109,,Eva,99,,Hayley,96,,Amber,90,,Elizabeth,91,,Eden,87,,Sienna,89,,Maddison,84,,Madison,95,,Maddison,92,,Evie,94,,Scarlett,85,,Sienna,89,,Evie,88,,Sienna,96,,Mackenzie,95
,36,Sharon,172,,Catherine,178,,Lorraine,170,,Alison,177,,Shirley,180,,Shirley,181,,Kathryn,183,,Vicki,211,,Kathryn,211,,Vicki,206,,Maria,194,,Andrea,193,,Kathryn,175,,Denise,166,,Louise,170,,Jane,182,,Megan,184,,Joanna,186,,Katrina,184,,Katrina,176,,Jane,150,,Nicole,170,,Tracy,138,,Maria,123,,Katherine,114,,Kim,127,,Stacey,115,,Katherine,114,,Aimee,113,,Stephanie,115,,Erin,118,,Rachael,115,,Holly,122,,Emily,123,,Holly,122,,Emily,125,,Jasmine,139,,Nicola,135,,Victoria,128,,Megan,133,,Hayley,129,,Elizabeth,116,,Shannon,116,,Ella,114,,Claudia,107,,Paris,106,,Alexandra,93,,Molly,101,,Abigail,86,,Zoe,95,,Danielle,99,,Molly,89,,Amy,96,,Summer,108,,Caitlin,97,,Sarah,94,,Jade,89,,Samantha,85,,Zara,85,,Summer,88,,Jessica,84,,Elizabeth,95,,Mackenzie,91,,Thea,93,,Hannah,85,,Maia,89,,Mackenzie,88,,Evie,94,,Ellie,94
,37,Lesley,171,,Yvonne,165,,Denise,166,,Rosemary,175,,Pauline,175,,Kathryn,179,,Alison,182,,Angela,201,,Jane,211,,Jane,206,,Tracy,184,,Carol,181,,Suzanne,173,,Diane,158,,Kathryn,166,,Robyn,170,,Suzanne,183,,Leanne,178,,Helen,181,,Sharon,172,,Shelley,148,,Helen,156,,Nicole,135,,Paula,121,,Louise,113,,Stacey,125,,Natalie,115,,Fiona,113,,Nicole,111,,Amber,115,,Catherine,114,,Katherine,115,,Natalie,113,,Charlotte,123,,Jenna,120,,Holly,121,,Victoria,134,,Alexandra,133,,Stacey,127,,Holly,132,,Jasmine,127,,Paige,115,,Elizabeth,116,,Natasha,111,,Shannon,106,,Lauren,102,,Kayla,91,,Laura,97,,Lauren,86,,Alyssa,94,,Jorja,94,,Summer,88,,Katie,92,,Jasmine,107,,Hayley,96,,Amber,92,,Elizabeth,88,,Isabelle,85,,Alice,84,,Maddison,88,,Mackenzie,81,,Maddison,94,,Maia,91,,Zara,92,,Thea,82,,Poppy,88,,Freya,85,,Frankie,94,,Sadie,92
,38,Yvonne,170,,Marie,156,,Annette,157,,Lorraine,173,,Donna,175,,Alison,179,,Janet,180,,Kathryn,193,,Denise,211,,Carol,205,,Kathryn,183,,Mary,179,,Janine,172,,Louise,157,,Patricia,163,,Katrina,160,,Linda,167,,Sandra,177,,Leanne,175,,Natasha,169,,Kirsten,146,,Louise,146,,Susan,133,,Stacey,120,,Kate,111,,Natalie,119,,Kathryn,115,,Helen,111,,Vanessa,108,,Gemma,114,,Rachael,113,,Catherine,114,,Kayla,112,,Sophie,118,,Courtney,120,,Megan,120,,Shannon,131,,Kelly,131,,Katie,121,,Tessa,129,,Elizabeth,122,,Alice,115,,Kayla,115,,Renee,110,,Isabella,103,,Brittany,100,,Amber,89,,Nicole,97,,Molly,86,,Katie,93,,Mackenzie,90,,Elizabeth,87,,Keira,91,,Nevaeh,107,,Jasmine,95,,Kate,88,,Molly,88,,Nevaeh,84,,Aria,84,,Elizabeth,87,,Eden,79,,Sienna,91,,Zara,90,,Hannah,92,,Abigail,82,,Mackenzie,88,,Maia,85,,Layla,92,,Maia,91
,39,Catherine,166,,Ann,156,,Ann,152,,Gail,172,,Carolyn,174,,Pauline,170,,Pamela,178,,Jane,186,,Andrea,198,,Andrea,193,,Vicki,181,,Carolyn,179,,Margaret,171,,Patricia,156,,Tina,161,,Kathryn,157,,Louise,166,,Tina,175,,Suzanne,174,,Jacqueline,169,,Joanna,145,,Susan,139,,Joanna,133,,Donna,118,,Stacey,110,,Julie,117,,Amber,115,,Katrina,109,,Amber,108,,Rachael,113,,Julia,112,,Victoria,113,,Olivia,111,,Angela,118,,Olivia,118,,Chloe,119,,Chelsea,130,,Sophie,129,,Megan,120,,Elizabeth,129,,Renee,119,,Hayley,114,,Claudia,115,,Jade,110,,Victoria,102,,Megan,98,,Nicole,89,,Maddison,89,,Ashleigh,83,,Kayla,92,,Tayla,90,,Stella,79,,Anna,89,,Abigail,104,,Elizabeth,93,,Caitlin,88,,Stella,85,,Lilly,84,,Leah,82,,Ivy,86,,Elizabeth,79,,Indie,91,,Millie,89,,Stella,90,,Bella,81,,Millie,87,,Ellie,83,,Ayla,90,,Florence,87
,40,Shirley,160,,Beverley,155,,Jane,150,,Annette,164,,Rosemary,173,,Janice,170,,Jacqueline,170,,Kim,180,,Angela,197,,Raewyn,192,,Andrea,181,,Margaret,168,,Patricia,167,,Suzanne,155,,Rachel,157,,Louise,156,,Robyn,162,,Rochelle,175,,Anna,172,,Jane,161,,Jacqueline,140,,Belinda,139,,Louise,131,,Katherine,117,,Sharon,110,,Deborah,115,,Julie,110,,Rachael,108,,Kimberley,104,,Erin,112,,Lauren,111,,Erin,113,,Emily,111,,Olivia,117,,Jasmine,118,,Katherine,116,,Natalie,128,,Shannon,126,,Shannon,119,,Lauren,126,,Michaela,114,,Michaela,111,,Hayley,110,,Madison,109,,Lauren,101,,Taylor,98,,Shania,88,,Ashleigh,88,,Mia,83,,Danielle,91,,Anna,87,,Danielle,77,,Sienna,89,,Eden,102,,Tayla,93,,Isabelle,88,,Hayley,85,,Maddison,84,,Molly,81,,Poppy,81,,Alexis,77,,Ellie,91,,Madison,89,,Layla,87,,Maia,80,,Zara,86,,Thea,83,,Isabelle,87,,Riley,86
,41,Beverley,154,,Lesley,154,,Yvonne,148,,Kathleen,162,,Lorraine,172,,Dianne,170,,Dianne,165,,Janet,176,,Barbara,181,,Kathryn,178,,Debra,179,,Kathryn,167,,Heather,164,,Brenda,149,,Tanya,154,,Megan,154,,Jane,161,,Kathryn,168,,Stephanie,171,,Christine,161,,Rochelle,138,,Natalie,136,,Stephanie,123,,Kathryn,116,,Victoria,109,,Katherine,112,,Joanna,107,,Victoria,107,,Rachael,103,,Charlotte,111,,Katie,108,,Tracey,112,,Sophie,107,,Holly,117,,Lauren,118,,Kimberley,116,,Jennifer,128,,Victoria,124,,Amber,116,,Katie,122,,Victoria,113,,Renee,111,,Chelsea,107,,Elizabeth,103,,Alexandra,99,,Alexandra,95,,Katie,86,,Alice,84,,Aaliyah,82,,Tayla,88,,Elizabeth,87,,Rebecca,76,,Summer,88,,Eva,101,,Anna,92,,Tayla,87,,Sarah,84,,Zara,83,,Jade,77,,Hazel,80,,Isabelle,76,,Matilda,90,,Stella,88,,Ayla,85,,Frankie,80,,Ellie,85,,Layla,81,,Poppy,87,,Isabelle,85
,42,Maureen,153,,Shirley,152,,Lesley,142,,Vicki,161,,Alison,171,,Fiona,164,,Yvonne,162,,Dianne,172,,Tracey,178,,Carolyn,178,,Carol,170,,Anne,164,,Anne,164,,Mary,148,,Maree,149,,Rebecca,153,,Kathryn,159,,Jane,168,,Kathryn,170,,Wendy,157,,Louise,138,,Tina,134,,Belinda,122,,Kirsty,113,,Tracy,108,,Helen,108,,Karen,104,,Hannah,104,,Monique,102,,Katie,106,,Victoria,106,,Danielle,112,,Katherine,107,,Katie,112,,Charlotte,118,,Victoria,113,,Nicola,125,,Alice,124,,Brooke,114,,Brittany,121,,Zoe,109,,Victoria,104,,Megan,106,,Mikayla,99,,Mikayla,98,,Rachel,95,,Amelia,85,,Amelia,84,,Amber,82,,Elizabeth,87,,Kayla,86,,Kayla,75,,Zara,87,,Katie,94,,Summer,91,,Jade,87,,Taylor,83,,Sarah,83,,Sarah,76,,Abigail,80,,Ivy,73,,Paige,89,,Paige,85,,Sienna,84,,Stella,79,,Indie,85,,Luna,78,,Aurora,86,,Margot,85
,43,Deborah,153,,Colleen,152,,Glenda,140,,Donna,155,,Kathleen,169,,Rosemary,163,,Rosemary,160,,Alison,163,,Maree,165,,Tracy,176,,Carolyn,169,,Lynette,163,,Amanda,159,,Margaret,148,,Suzanne,147,,Carolyn,149,,Rachael,158,,Anna,168,,Joanna,169,,Stephanie,155,,Victoria,136,,Rochelle,128,,Victoria,121,,Deborah,113,,Deborah,108,,Victoria,107,,Katie,104,,Joanna,103,,Julia,102,,Kimberley,104,,Kirsty,106,,Aimee,108,,Claire,107,,Kimberley,111,,Victoria,117,,Shannon,112,,Chloe,125,,Grace,119,,Natalie,111,,Victoria,117,,Amber,103,,Tayla,101,,Alexandra,106,,Stephanie,98,,Megan,96,,Mikayla,94,,Rachel,85,,Nikita,84,,Katie,82,,Maia,87,,Alexandra,84,,Alexandra,73,,Maddison,86,,Keira,91,,Bella,90,,Abigail,87,,Scarlett,82,,Anna,82,,Isabelle,76,,Alexis,79,,Alice,71,,Stella,85,,Piper,82,,Paige,84,,Zara,79,,Maddison,84,,Alice,77,,Emma,85,,Maeve,84
,44,Jillian,152,,Annette,149,,Marie,134,,Marie,153,,Kathryn,166,,Annette,162,,Kathleen,160,,Shirley,162,,Dianne,158,,Barbara,171,,Heather,168,,Debra,159,,Louise,153,,Janine,146,,Alison,141,,Suzanne,144,,Melissa,147,,Victoria,164,,Jane,167,,Louise,155,,Susan,135,,Leanne,128,,Kathryn,119,,Jane,112,,Claire,107,,Tracy,106,,Kirsty,103,,Amber,103,,Danielle,102,,Danielle,103,,Danielle,106,,Charlotte,106,,Sara,105,,Kayla,107,,Kimberley,115,,Chelsea,112,,Renee,119,,Jasmine,118,,Caitlin,110,,Amanda,117,,Megan,102,,Zoe,99,,Alice,104,,Chelsea,96,,Hayley,95,,Hayley,92,,Elizabeth,84,,Destiny,81,,Maddison,81,,Abigail,86,,Ashley,83,,Jorja,72,,Kayla,84,,Mikayla,90,,Amy,89,,Amy,80,,Keira,78,,Alice,81,,Willow,74,,Pippa,77,,Holly,70,,Olive,85,,Violet,81,,Maddison,83,,Indie,79,,Olive,84,,Aurora,77,,Madison,83,,Evie,83
,45,Ann,152,,Marilyn,144,,Jacqueline,134,,Debra,149,,Yvonne,164,,Michelle,159,,Janice,156,,Pamela,162,,Alison,157,,Leanne,162,,Sarah,166,,Judith,157,,Paula,151,,Maree,142,,Anna,141,,Tina,142,,Victoria,145,,Melissa,164,,Victoria,162,,Joanna,152,,Bridget,135,,Jane,127,,Amy,119,,Victoria,111,,Maria,104,,Kirsty,106,,Katherine,103,,Andrea,101,,Erin,100,,Nicole,99,,Aimee,103,,Julia,105,,Kirsty,104,,Courtney,107,,Emily,113,,Ashley,112,,Katherine,118,,Kimberley,117,,Alice,110,,Zoe,115,,Tessa,100,,Shannon,99,,Victoria,103,,Alice,96,,Aimee,95,,Kayla,91,,Mikayla,84,,Natasha,81,,Sophia,79,,Paris,86,,Phoebe,83,,Abigail,70,,Elizabeth,83,,Isabelle,88,,Isabelle,85,,Kayla,80,,Nevaeh,78,,Amber,80,,Elizabeth,73,,Isabelle,77,,Zara,69,,Poppy,83,,Indie,80,,Millie,82,,Millie,78,,Eva,84,,Emma,76,,Billie,79,,Violet,83
,46,Annette,149,,Maureen,133,,Gail,133,,Carolyn,143,,Annette,162,,Kathleen,159,,Brenda,151,,Annette,161,,Annette,154,,Maria,161,,Raewyn,158,,Louise,151,,Carol,149,,Heather,138,,Denise,139,,Heather,139,,Tina,144,,Janine,162,,Louise,160,,Kathryn,151,,Sharon,134,,Shelley,124,,Kirsty,117,,Claire,110,,Joanna,104,,Kathryn,103,,Victoria,102,,Shannon,96,,Joanne,97,,Vanessa,98,,Kathryn,102,,Vanessa,104,,Melanie,103,,Catherine,102,,Katherine,111,,Olivia,111,,Jessie,116,,Rachael,111,,Amanda,109,,Kelly,114,,Lucy,100,,Taylor,97,,Michaela,103,,Ashley,96,,Ruby,93,,Elizabeth,90,,Taylor,83,,Brianna,79,,Laura,78,,Nicole,78,,Katie,82,,Maddison,69,,Abigail,82,,Anna,86,,Mikayla,84,,Taylor,79,,Eden,78,,Addison,80,,Summer,72,,Samantha,75,,Maia,69,,Millie,81,,Isabelle,79,,Bella,81,,Florence,78,,Frankie,83,,Quinn,74,,Mackenzie,78,,Aurora,80
,47,Colleen,147,,Glenda,130,,Kathryn,129,,Yvonne,142,,Lesley,146,,Lesley,151,,Shirley,149,,Jan,153,,Brenda,151,,Pauline,156,,Barbara,153,,Brenda,150,,Carolyn,145,,Tina,137,,Mary,137,,Maree,136,,Justine,142,,Katrina,160,,Janine,158,,Janine,148,,Stephanie,133,,Victoria,120,,Christine,117,,Susan,109,,Donna,104,,Paula,101,,Nicole,97,,Julie,94,,Julie,94,,Emily,97,,Vanessa,98,,Emily,104,,Tracey,100,,Erin,100,,Christina,111,,Alexandra,110,,Katie,115,,Holly,109,,Kelly,105,,Paige,112,,Alice,99,,Lucy,91,,Mikayla,103,,Amber,95,,Natasha,93,,Nikita,89,,Victoria,83,,Hayley,79,,Victoria,78,,Phoebe,78,,Summer,82,,Trinity,69,,Isla,82,,Bella,83,,Molly,84,,Keira,79,,Addison,76,,Sofia,79,,Pippa,71,,Violet,74,,Evie,69,,Zara,80,,Quinn,77,,Poppy,79,,Eden,76,,Ayla,82,,Bella,73,,Alice,75,,Billie,80
,48,Jane,145,,Jane,127,,Jillian,127,,Jacqueline,142,,Ann,138,,Lynda,146,,Nicola,148,,Brenda,152,,Leanne,148,,Maree,147,,Alison,150,,Alison,145,,Judith,137,,Rachel,133,,Vicki,134,,Vicki,135,,Anna,142,,Maria,155,,Sandra,149,,Shelley,147,,Christine,131,,Claire,120,,Maria,112,,Louise,108,,Susan,98,,Amber,99,,Kim,97,,Shelley,93,,Charlotte,93,,Joanne,95,,Amber,98,,Kirsty,97,,Catherine,100,,Lucy,98,,Gemma,110,,Catherine,110,,Alice,112,,Kelsey,108,,Nicola,101,,Lisa,111,,Michelle,96,,Monique,89,,Katie,103,,Michaela,94,,Shania,91,,Claudia,88,,Brittany,82,,Alyssa,77,,Alyssa,76,,Victoria,77,,Rebecca,81,,Tayla,68,,Brianna,80,,Leah,83,,Keira,83,,Zara,78,,Peyton,75,,Brooke,79,,Annabelle,71,,Holly,73,,Millie,68,,Alice,80,,Lilly,76,,Frankie,76,,Poppy,75,,Piper,81,,Indie,73,,Thea,75,,Daisy,78
,49,Marie,144,,Jillian,125,,Colleen,127,,Lynda,138,,Marie,134,,Colleen,144,,Pauline,144,,Bronwyn,149,,Kathleen,146,,Alison,147,,Bronwyn,140,,Raewyn,141,,Raewyn,135,,Carol,132,,Vanessa,133,,Melissa,130,,Katrina,137,,Shelley,151,,Natasha,147,,Victoria,144,,Tina,130,,Sharon,115,,Jacqueline,110,,Shannon,107,,Jane,96,,Sharon,97,,Anita,97,,Rochelle,92,,Rochelle,92,,Alana,95,,Kimberley,96,,Melanie,96,,Vanessa,98,,Lauren,97,,Alexandra,109,,Monique,107,,Jade,107,,Christina,107,,Holly,101,,Alice,106,,Jessie,96,,Megan,85,,Jade,102,,Kayla,93,,Katie,85,,Amber,87,,Molly,82,,Katie,77,,Alexandra,75,,Sophia,76,,Abigail,80,,Ashley,67,,Danielle,78,,Poppy,83,,Kayla,81,,Stella,77,,Tayla,75,,Mackenzie,79,,Maddison,70,,Lilly,73,,Olive,68,,Ayla,78,,Thea,75,,Riley,75,,Aurora,74,,Alice,81,,Isabelle,73,,Daisy,72,,Sofia,75
,50,Sheryl,134,,Sheryl,124,,Sheryl,124,,Maureen,133,,Lynda,134,,Sally,142,,Annette,144,,Michele,147,,Pamela,143,,Brenda,147,,Marie,137,,Amanda,141,,Maree,134,,Raewyn,131,,Brenda,129,,Victoria,127,,Stephanie,134,,Louise,151,,Tina,144,,Suzanne,141,,Katherine,128,,Justine,115,,Leanne,110,,Joanna,106,,Kathryn,95,,Susan,97,,Shannon,95,,Laura,91,,Alice,92,,Katrina,92,,Jenna,93,,Shannon,94,,Christina,98,,Aimee,96,,Claire,108,,Gemma,107,,Catherine,106,,Natalie,106,,Lucy,100,,Michelle,103,,Shannon,92,,Tessa,82,,Ella,97,,Tessa,92,,Renee,84,,Katie,86,,Hayley,80,,Lauren,75,,Nicole,72,,Brianna,75,,Ava,80,,Paris,66,,Rebecca,77,,Isla,82,,Abigail,80,,Eden,75,,Alexis,75,,Scarlett,76,,Samantha,70,,Leah,70,,Aaliyah,68,,Mackenzie,77,,Jessica,75,,Maia,75,,Olive,73,,Violet,77,,Zara,72,,Indie,72,,Eleanor,73
,51,Carolyn,129,,Gail,124,,Joanne,123,,Kathryn,130,,Jacqueline,133,,Yvonne,138,,Angela,143,,Jillian,147,,Louise,143,,Janet,145,,Louise,134,,Vicki,139,,Megan,129,,Anne,131,,Diane,128,,Toni,126,,Cheryl,131,,Stephanie,140,,Shelley,138,,Kirsten,135,,Kathryn,127,,Kathryn,114,,Rochelle,109,,Charlotte,106,,Kirsty,94,,Joanna,95,,Toni,95,,Kathryn,91,,Fiona,90,,Katherine,91,,Olivia,92,,Helen,93,,Alice,98,,Tracey,95,,Alice,107,,Aimee,107,,Claire,105,,Lucy,103,,Zoe,99,,Amber,93,,Mikayla,92,,Jessie,82,,Renee,90,,Victoria,91,,Michaela,83,,Chelsea,85,,Maddison,80,,Megan,75,,Hayley,71,,Ashleigh,74,,Maddison,75,,Ava,62,,Alyssa,76,,Kayla,80,,Amber,80,,Anna,75,,Annabelle,75,,Jade,76,,Addison,70,,Sofia,69,,Sofia,67,,Layla,76,,Riley,74,,Florence,75,,Violet,72,,Luna,77,,Ayla,71,,Abigail,71,,Ayla,72
,52,Frances,123,,Lynda,123,,Beverley,123,,Sheryl,129,,Gail,129,,Ann,138,,Kim,140,,Kathleen,146,,Tracy,140,,Kathleen,143,,Lynda,133,,Janine,134,,Lynda,126,,Megan,129,,Katrina,127,,Stephanie,124,,Melanie,126,,Linda,137,,Maria,134,,Katherine,135,,Leanne,125,,Katherine,112,,Tina,109,,Leanne,104,,Hayley,93,,Charlotte,95,,Jane,89,,Stephanie,90,,Karen,89,,Helen,91,,Louise,92,,Olivia,92,,Aimee,96,,Rachael,95,,Erin,106,,Jade,106,,Kelsey,103,,Katie,102,,Renee,99,,Rebekah,91,,Jade,92,,Kelly,79,,Jessie,90,,Hayley,91,,Ashley,82,,Natasha,85,,Megan,80,,Claudia,74,,Courtney,69,,Alexandra,73,,Brianna,73,,Mikayla,62,,Jorja,74,,Elizabeth,79,,Zara,80,,Summer,73,,Isabelle,74,,Mikayla,75,,Aaliyah,70,,Indie,69,,Stella,67,,Piper,76,,Ayla,73,,Piper,74,,Sienna,71,,Bella,76,,Sadie,71,,Maeve,70,,Harriet,72
,53,Kathryn,122,,Brenda,123,,Maureen,121,,Ann,127,,Sally,128,,Jan,133,,Kerry,136,,Andrea,146,,Michele,138,,Amanda,138,,Janine,133,,Maree,125,,Debra,125,,Anna,128,,Raewyn,126,,Mary,124,,Carolyn,126,,Robyn,131,,Kirsten,126,,Teresa,130,,Belinda,123,,Jacqueline,112,,Suzanne,106,,Renee,102,,Charlotte,93,,Toni,94,,Charlotte,88,,Maria,90,,Alana,89,,Joanna,90,,Sophie,91,,Tania,89,,Erin,96,,Alice,93,,Vanessa,100,,Lucy,103,,Amber,103,,Brooke,102,,Aimee,99,,Aimee,91,,Stacey,90,,Ruby,78,,Melissa,86,,Monique,84,,Abigail,81,,Zoe,85,,Brianna,79,,Taylor,74,,Phoebe,68,,Rachel,71,,Laura,73,,Mya,62,,Leah,72,,Molly,79,,Alexis,76,,Nevaeh,72,,Kate,74,,Molly,72,,Hazel,70,,Olive,68,,Ayla,66,,Holly,75,,Alexis,73,,Phoebe,74,,Penelope,70,,Hannah,75,,Harriet,70,,Penelope,70,,Elsie,70
,54,Kay,116,,Jacqueline,120,,Cheryl,121,,Colleen,124,,Fiona,128,,Marie,132,,Lorraine,135,,Tracey,141,,Janet,138,,Janine,136,,Dianne,133,,Paula,124,,Brenda,125,,Vicki,127,,Heather,125,,Alison,121,,Shelley,123,,Justine,126,,Justine,125,,Tina,128,,Wendy,121,,Suzanne,111,,Katherine,105,,Anita,101,,Nicole,92,,Nicole,93,,Tracy,87,,Jane,87,,Kirsty,88,,Lauren,89,,Helen,91,,Sophie,87,,Julia,92,,Vanessa,92,,Melanie,98,,Jennifer,102,,Lucy,102,,Zoe,101,,Gemma,98,,Jade,89,,Natalie,85,,Aimee,77,,Amber,85,,Nikita,82,,Elizabeth,81,,Maddison,84,,Natasha,77,,Elizabeth,73,,Mikayla,66,,Courtney,69,,Alice,71,,Aimee,60,,Aaliyah,70,,Tayla,78,,Millie,76,,Addison,72,,Katie,73,,Kayla,72,,Ivy,70,,Jasmine,68,,Summer,62,,Summer,74,,Eden,73,,Abigail,74,,Ellie,69,,Isabelle,75,,Madison,70,,Quinn,70,,Emilia,70
,55,Jacqueline,112,,Kay,117,,Lynda,116,,Maria,121,,Jan,127,,Jacqueline,132,,Marie,134,,Lorraine,138,,Bronwyn,138,,Dianne,135,,Annette,131,,Bronwyn,124,,Tanya,122,,Carolyn,124,,Carol,124,,Anna,120,,Katherine,119,,Cheryl,126,,Teresa,124,,Justine,127,,Janine,117,,Janine,110,,Sharon,104,,Rochelle,99,,Amber,91,,Katie,93,,Maria,87,,Kirsty,87,,Helen,87,,Crystal,89,,Samantha,90,,Louise,87,,Tania,89,,Alexandra,91,,Catherine,96,,Amber,95,,Monique,99,,Renee,101,,Jade,97,,Lucy,87,,Katie,83,,Katie,76,,Ruby,84,,Melissa,80,,Amber,78,,Aimee,82,,Chelsea,74,,Mikayla,71,,Brianna,65,,Lauren,69,,Alyssa,71,,Alyssa,60,,Alexandra,68,,Alyssa,77,,Alyssa,74,,Alice,70,,Aaliyah,73,,Hazel,71,,Nevaeh,69,,Alice,67,,Rose,60,,Peyton,74,,Abigail,72,,Eden,69,,Riley,66,,Florence,72,,Sofia,66,,Emilia,69,,Emma,70
,56,Cheryl,108,,Carolyn,117,,Maria,115,,Jillian,121,,Sheryl,125,,Brenda,127,,Jillian,134,,Janice,135,,Jan,135,,Bronwyn,131,,Kathleen,130,,Lynda,121,,Vicki,121,,Marie,122,,Anne,122,,Tanya,114,,Teresa,118,,Patricia,123,,Kylie,124,,Emma,123,,Justine,115,,Christine,110,,Jane,101,,Belinda,98,,Caroline,90,,Jane,93,,Rochelle,86,,Anita,86,,Stephanie,86,,Kirsty,88,,Alice,88,,Jasmine,87,,Lucy,82,,Melanie,89,,Amber,95,,Brooke,93,,Brooke,98,,Aimee,98,,Jordan,95,,Kimberley,86,,Rebekah,82,,Claudia,76,,Taylor,82,,Aimee,80,,Rose,75,,Abigail,80,,Nikita,73,,Sophia,71,,Alice,64,,Maddison,69,,Leah,70,,Eva,60,,Tayla,68,,Danielle,74,,Aaliyah,72,,Imogen,68,,Alice,72,,Leah,71,,Lilly,67,,Aaliyah,66,,Jasmine,60,,Rose,73,,Aaliyah,71,,Freya,68,,Sadie,66,,Sadie,69,,Eden,65,,Scarlett,68,,Eva,70
,57,Ruth,105,,Marion,116,,Brenda,114,,Brenda,121,,Jillian,125,,Maree,124,,Jan,133,,Kerry,134,,Kerry,132,,Sarah,130,,Brenda,127,,Sally,117,,Stephanie,119,,Debra,122,,Bronwyn,120,,Denise,112,,Toni,118,,Nicole,122,,Katherine,114,,Bronwyn,122,,Suzanne,114,,Caroline,110,,Claire,99,,Stephanie,96,,Belinda,90,,Tina,89,,Laura,85,,Danielle,85,,Laura,86,,Olivia,86,,Joanna,87,,Joanna,86,,Jamie,82,,Katherine,89,,Tracey,90,,Christina,92,,Zoe,95,,Jordan,96,,Christina,94,,Christina,86,,Tayla,81,,Nikita,74,,Monique,79,,Claudia,79,,Stephanie,73,,Brianna,80,,Rose,73,,Victoria,70,,Gemma,64,,Leah,67,,Mikayla,69,,Victoria,60,,Ashley,67,,Stella,72,,Eden,72,,Katie,68,,Phoebe,72,,Alyssa,68,,Peyton,66,,Stella,66,,Amber,60,,Victoria,72,,Olive,70,,Addison,68,,Madison,66,,Emilia,68,,Maddison,65,,Violet,68,,Ada,67
,58,Glenda,105,,Maria,111,,Vicki,110,,Jan,119,,Colleen,125,,Jillian,124,,Sheryl,129,,Rosemary,132,,Shelley,131,,Annette,129,,Jillian,125,,Stephanie,116,,Lynette,116,,Judith,120,,Margaret,118,,Justine,110,,Tanya,117,,Toni,112,,Emma,113,,Sandra,119,,Maria,114,,Kirsty,103,,Caroline,98,,Shelley,94,,Paula,89,,Stephanie,88,,Aimee,83,,Deborah,85,,Andrea,85,,Andrea,86,,Charlotte,87,,Jamie,85,,Monique,81,,Louise,87,,Jade,90,,Melanie,91,,Gemma,93,,Rebekah,94,,Kimberley,90,,Stacey,85,,Aimee,80,,Michelle,73,,Tessa,75,,Isabella,78,,Melissa,73,,Rose,80,,Aimee,72,,Leah,68,,Paris,64,,Alice,66,,Stella,68,,Aaliyah,58,,MacKenzie,67,,Zara,71,,Taylor,72,,Peyton,66,,Kayla,71,,Kate,65,,Jasmine,66,,Layla,65,,Ellie,58,,Violet,72,,Bella,70,,Ellie,66,,Maddison,65,,Elizabeth,68,,Abigail,64,,Addison,67,,Amaia,67
,59,Maria,101,,Cheryl,110,,Marilyn,110,,Fiona,117,,Kerry,120,,Sheryl,120,,Cheryl,127,,Lynda,131,,Lynda,131,,Michele,128,,Pauline,124,,Tanya,113,,Kathleen,111,,Tanya,107,,Justine,117,,Margaret,108,,Mary,117,,Carolyn,109,,Mary,111,,Maria,114,,Nicole,109,,Wendy,102,,Wendy,96,,Hayley,94,,Teresa,82,,Christine,88,,Hannah,82,,Charlotte,85,,Kathryn,84,,Monique,84,,Alana,87,,Maria,84,,Katrina,81,,Jasmine,86,,Kirsty,90,,Claire,91,,Christina,92,,Georgia,92,,Kelsey,88,,Nicola,85,,Kimberley,78,,Mikayla,73,,Isabella,73,,Katie,77,,Alice,70,,Alice,79,,Paris,72,,Abby,67,,Megan,63,,Ashley,66,,Trinity,65,,Alice,57,,Phoebe,67,,Mackenzie,69,,Nevaeh,71,,Alyssa,65,,Zara,71,,Jasmine,64,,Hayley,65,,Molly,65,,Violet,56,,Quinn,71,,Ellie,69,,Quinn,65,,Addison,65,,Sofia,68,,Eva,62,,Sofia,67,,Penelope,67
,60,Sally,97,,Donna,109,,Gillian,105,,Lesley,114,,Gillian,118,,Lorraine,120,,Andrea,126,,Yvonne,127,,Sally,129,,Louise,127,,Caroline,124,,Megan,113,,Anna,109,,Katherine,105,,Toni,115,,Diane,107,,Bronwyn,117,,Teresa,108,,Toni,109,,Kirsty,114,,Bronwyn,107,,Bridget,98,,Shelley,94,,Sharon,91,,Tina,81,,Shannon,84,,Donna,81,,Kimberley,84,,Joanna,84,,Shannon,82,,Caroline,86,,Lucy,83,,Shannon,80,,Christina,86,,Lucy,89,,Angela,88,,Rachael,90,,Catherine,91,,Alana,88,,Catherine,83,,Crystal,78,,Jade,72,,Gemma,71,,Katherine,72,,Tessa,69,,Eden,77,,Angel,70,,Ashley,66,,Rachel,62,,Mikayla,64,,Angel,63,,Leah,57,,Riley,67,,Jorja,67,,Gemma,67,,Aaliyah,63,,Lilly,68,,Taylor,62,,Taylor,64,,Addison,63,,Poppy,56,,Eden,71,,Summer,68,,Olive,65,,Quinn,64,,Stella,67,,Penelope,61,,Eva,66,,Scarlett,67
,61,Lynda,97,,Kathryn,108,,Kay,100,,Beverley,113,,Cheryl,117,,Gillian,120,,Ann,123,,Pauline,127,,Gillian,127,,Jan,125,,Paula,122,,Marie,111,,Bronwyn,109,,Stephanie,103,,Joanna,115,,Patricia,106,,Diane,108,,Denise,108,,Linda,106,,Nicole,109,,Sandra,102,,Stephanie,95,,Bridget,89,,Caroline,90,,Wendy,81,,Maria,84,,Caroline,80,,Tracy,83,,Maria,83,,Karen,80,,Katrina,85,,Andrea,83,,Rachael,80,,Toni,85,,Joanna,88,,Rachael,87,,Kathryn,89,,Toni,87,,Brittany,85,,Amelia,82,,Monique,77,,Madison,70,,Michelle,68,,Ruby,71,,Monique,69,,Amelia,76,,Ashley,70,,Stella,66,,Eden,61,,Nikita,64,,Brooklyn,62,,Zara,57,,Lauren,65,,Alice,65,,Rebecca,67,,Rose,61,,Riley,67,,Willow,62,,Indie,64,,Caitlin,61,,Leah,56,,Riley,70,,Amber,68,,Sofia,63,,Ayla,63,,Eden,67,,Billie,60,,Elsie,64,,Stella,67
,62,Lynne,92,,Vicki,104,,Joy,99,,Angela,112,,Kay,116,,Louise,113,,Lynda,121,,Marie,127,,Marie,122,,Jillian,124,,Amanda,121,,Annette,108,,Sally,108,,Lynette,103,,Stephanie,111,,Bronwyn,106,,Vicki,107,,Mary,106,,Vicki,105,,Bridget,107,,Kirsty,97,,Kirsten,95,,Renee,82,,Tina,89,,Leanne,80,,Caroline,83,,Erin,79,,Erin,81,,Tracy,80,,Julie,79,,Monique,84,,Amber,81,,Ashleigh,79,,Monique,84,,Aimee,87,,Zoe,86,,Jordan,89,,Jennifer,86,,Jennifer,84,,Cassandra,80,,Amanda,76,,Stacey,69,,Phoebe,67,,Jamie,69,,Chloe,68,,Monique,75,,Shannon,70,,Abigail,65,,Angel,60,,Aaliyah,63,,Nicole,62,,Abby,56,,Alice,63,,Faith,65,,Phoebe,66,,Leah,61,,Caitlin,65,,Aaliyah,62,,Layla,63,,Anna,61,,Lilly,55,,Anna,69,,Poppy,67,,Violet,62,,Luna,61,,Aurora,67,,Emilia,60,,Harriet,64,,Thea,67
,63,Marion,91,,Jeanette,101,,Jan,98,,Cheryl,111,,Brenda,115,,Shona,111,,Maree,118,,Louise,127,,Pauline,122,,Sally,122,,Maree,120,,Ann,105,,Shelley,107,,Barbara,103,,Carolyn,108,,Debra,105,,Patricia,107,,Vicki,104,,Tanya,101,,Belinda,104,,Teresa,93,,Bronwyn,91,,Toni,81,,Christine,87,,Stephanie,79,,Donna,81,,Deborah,77,,Alice,81,,Kim,80,,Krystal,79,,Joanne,84,,Alana,81,,Alana,78,,Kathryn,83,,Tamara,85,,Maria,85,,Aimee,89,,Jade,85,,Catherine,84,,Monique,79,,Cassandra,75,,Gabrielle,68,,Rebekah,67,,Abigail,68,,Cheyenne,68,,Lily,74,,Claudia,68,,Aimee,63,,Taylor,60,,Abby,60,,Rachel,62,,Nicole,56,,Mya,63,,Chelsea,63,,Danielle,64,,Matilda,61,,Leah,64,,Pippa,61,,Poppy,63,,Annabelle,60,,Nina,55,,Sofia,68,,Peyton,65,,Lilly,61,,Harriet,59,,Phoebe,66,,Amaia,59,,Amaia,63,,Bella,66
,64,Gillian,91,,Jan,100,,Donna,97,,Glenda,106,,Angela,115,,Glenda,111,,Maria,116,,Gillian,123,,Janine,122,,Marie,121,,Sally,118,,Kathleen,104,,Kerry,103,,Pauline,101,,Lynette,107,,Raewyn,104,,Maree,107,,Tanya,103,,Denise,101,,Natalie,100,,Natalie,93,,Teresa,90,,Stacey,81,,Toni,85,,Shannon,76,,Erin,78,,Susan,76,,Aimee,81,,Gemma,79,,Lucy,78,,Toni,83,,Tara,79,,Amber,78,,Chloe,83,,Sara,84,,Jenna,81,,Caitlin,80,,Katherine,83,,Katherine,82,,Natalie,78,,Catherine,75,,Rebekah,66,,Nikita,67,,Sophia,67,,Chelsea,66,,Ashley,72,,Sophia,67,,Mia,63,,Aimee,57,,Angel,60,,Lauren,61,,Mackenzie,55,,Stella,63,,Rebecca,63,,Mya,64,,Isabel,60,,Rose,61,,Brooklyn,60,,Brooklyn,63,,Peyton,59,,Pippa,54,,Phoebe,67,,Nina,63,,Sadie,58,,Elizabeth,59,,Eleanor,64,,Maeve,59,,Bella,63,,Abigail,65
,65,Glenys,91,,Gillian,99,,Marion,93,,Sally,105,,Maree,114,,Nicola,110,,Gillian,114,,Kay,123,,Rosemary,120,,Shelley,120,,Janet,113,,Dianne,103,,Tina,101,,Bronwyn,101,,Shelley,106,,Brenda,103,,Margaret,103,,Belinda,101,,Natalie,95,,Toni,99,,Linda,93,,Sandra,89,,Teresa,80,,Jessica,83,,Anita,75,,Julia,76,,Mary,75,,Toni,78,,Deborah,77,,Fiona,77,,Shannon,81,,Sara,78,,Ashley,78,,Chelsea,83,,Rachael,84,,Kayla,80,,Maria,79,,Tessa,81,,Paige,76,,Katherine,78,,Nicola,74,,Amanda,66,,Morgan,67,,Phoebe,66,,Eden,66,,Phoebe,71,,Eden,66,,Phoebe,63,,Ashley,57,,Megan,59,,Nikita,61,,Phoebe,55,,Angel,58,,Savannah,63,,Aria,62,,Poppy,60,,Ashley,61,,Phoebe,60,,Olive,63,,Piper,59,,Peyton,54,,Thea,66,,Freya,63,,Pippa,58,,Lilly,58,,Amber,62,,Violet,59,,Maddison,63,,Alice,63
,66,Jan,90,,Sally,96,,Frances,91,,Kerry,102,,Diana,113,,Kerry,108,,Kay,112,,Maree,117,,Maria,117,,Rosemary,119,,Lisa,109,,Pauline,100,,Barbara,101,,Pamela,98,,Debra,103,,Shelley,102,,Alison,102,,Bronwyn,99,,Kerry,94,,Mary,95,,Claire,93,,Tanya,88,,Hayley,80,,Kate,81,,Christine,73,,Rochelle,75,,Shelley,73,,Donna,78,,Leanne,76,,Tracy,74,,Emily,81,,Rochelle,78,,Tara,77,,Tania,81,,Angela,84,,Grace,80,,Grace,79,,Alana,79,,Monique,76,,Gemma,77,,Jennifer,73,,Crystal,66,,Catherine,67,,Morgan,66,,Tegan,64,,Michaela,68,,Britney,64,,Rachel,63,,Kaitlyn,57,,Rose,59,,Eva,59,,Riley,55,,Eden,58,,Caitlyn,62,,Leah,61,,Millie,59,,Amy,61,,Faith,58,,Nina,63,,Brooklyn,57,,Layla,54,,Zoey,65,,Penelope,62,,Penelope,58,,Phoebe,57,,Penelope,61,,Harlow,56,,Sadie,63,,Indie,63
,67,Jeanette,89,,Ruth,95,,Sally,90,,Gillian,102,,Beverley,110,,Angela,108,,Lesley,109,,Cheryl,117,,Jillian,117,,Yvonne,118,,Shelley,108,,Caroline,100,,Katrina,97,,Kathleen,98,,Rebecca,102,,Melanie,102,,Anne,98,,Alison,96,,Nicole,92,,Cherie,95,,Sally,92,,Mary,86,,Kate,78,,Janine,79,,Olivia,72,,Hannah,75,,Teresa,73,,Nicole,77,,Shannon,75,,Rochelle,74,,Sara,78,,Kimberley,77,,Maria,77,,Katrina,77,,Shannon,83,,Vanessa,77,,Erin,79,,Monique,78,,Jessie,76,,Jennifer,75,,Amelia,73,,Leah,64,,Amanda,64,,Chloe,66,,Gabrielle,64,,Shannon,68,,Gabrielle,64,,Zara,63,,Maia,56,,Faith,58,,Mya,59,,Brianna,52,,Laura,57,,Taylor,60,,Ashley,60,,Mackenzie,59,,Sofia,60,,Caitlin,58,,Mackenzie,62,,Rose,56,,Molly,53,,Leah,65,,Harriet,62,,Aurora,58,,Piper,56,,Quinn,60,,Piper,55,,Stella,63,,Madison,62
,68,Elaine,89,,Lynne,93,,Jeanette,89,,Kay,99,,Nicola,108,,Gail,107,,Sally,108,,Maria,116,,Debbie,115,,Paula,116,,Ann,104,,Debbie,98,,Rachel,95,,Katrina,97,,Katherine,102,,Katherine,101,,Nicole,96,,Caroline,96,,Alison,92,,Tanya,93,,Toni,89,,Kate,86,,Emily,78,,Jacqueline,78,,Jacqueline,72,,Olivia,73,,Bridget,73,,Samantha,74,,Mary,74,,Kathryn,72,,Lucy,78,,Christina,77,,Fiona,76,,Sara,76,,Monique,83,,Jessie,77,,Casey,79,,Kirsty,78,,Kirsty,75,,Gabrielle,72,,Gemma,72,,Christina,64,,Jennifer,62,,Natalie,64,,Nikita,62,,Cheyenne,67,,Abigail,61,,Maia,62,,Jamie,54,,Gemma,58,,Maya,58,,Isabelle,50,,Kaitlyn,56,,Lilly,59,,Brooklyn,60,,Phoebe,58,,Alyssa,60,,Annabelle,58,,Sofia,62,,Ayla,54,,Piper,52,,Florence,65,,Sarah,61,,Jasmine,56,,Zoey,55,,Jasmine,55,,Addison,54,,Elizabeth,62,,Maisie,62
,69,Irene,88,,Jocelyn,93,,Angela,89,,Maree,92,,Shona,104,,Beverley,107,,Shona,101,,Ann,114,,Ann,113,,Lynda,116,,Kerry,99,,Anna,97,,Rosemary,94,,Annette,97,,Annette,102,,Teresa,99,,Caroline,95,,Heather,94,,Bronwyn,91,,Carmen,93,,Caroline,89,,Maria,85,,Sonya,77,,Wendy,74,,Philippa,70,,Jacqueline,72,,Sharon,72,,Naomi,74,,Jade,74,,Kim,72,,Jasmine,78,,Katrina,76,,Kathryn,76,,Julia,76,,Alicia,82,,Julia,77,,Tessa,78,,Jamie,76,,Rebekah,73,,Jordan,72,,Katherine,71,,Amelia,63,,Katherine,62,,Kelsey,64,,Jordan,62,,Alyssa,66,,Leah,60,,Angel,61,,Melissa,54,,Summer,58,,Courtney,57,,Laura,50,,Mikayla,56,,Madeleine,59,,Poppy,60,,Alexis,58,,Anna,59,,Aria,58,,Brooke,61,,Evelyn,53,,Anna,52,,Charlie,65,,Florence,61,,Aaliyah,56,,Charlie,55,,Madison,55,,Eleanor,54,,Eleanor,61,,Zara,62
,70,Jocelyn,88,,Jill,92,,Debra,88,,Shona,91,,Maria,103,,Kim,106,,Stephanie,99,,Sheryl,113,,Yvonne,112,,Ann,111,,Katherine,98,,Rachel,95,,Pauline,92,,Debbie,95,,Caroline,101,,Anne,98,,Belinda,93,,Kirsten,93,,Cherie,88,,Linda,89,,Tanya,87,,Sonya,83,,Mary,76,,Olivia,73,,Bridget,70,,Alison,72,,Monique,72,,Emily,73,,Sara,73,,Alice,72,,Andrea,78,,Alice,76,,Toni,75,,Grace,76,,Kathryn,81,,Jamie,76,,Jamie,78,,Jessie,75,,Amelia,69,,Ruby,69,,Christina,70,,Morgan,62,,Kelly,62,,Kelly,62,,Lily,61,,Stephanie,66,,Monique,60,,Summer,61,,Mya,54,,Trinity,57,,Eden,57,,Rose,50,,Poppy,56,,Rose,59,,Harmony,59,,Lilly,57,,Poppy,58,,Violet,57,,Amber,61,,Nevaeh,53,,Samantha,51,,Lilly,64,,Holly,61,,Peyton,55,,Kiara,53,,Aaliyah,53,,Elizabeth,53,,Eden,60,,Kiara,60
,71,Donna,85,,Joanne,91,,Maree,87,,Frances,91,,Glenda,102,,Lynne,105,,Frances,99,,Colleen,113,,Lorraine,112,,Pamela,110,,Anna,98,,Pamela,95,,Katherine,90,,Teresa,92,,Pauline,100,,Natalie,93,,Sheryl,92,,Bridget,93,,Robyn,87,,Anita,89,,Carolyn,87,,Anita,83,,Sandra,75,,Suzanne,72,,Rochelle,69,,Bridget,72,,Stephanie,71,,Caroline,70,,Emily,73,,Jamie,71,,Casey,78,,Krystal,75,,Alexandra,75,,Kirsty,74,,Jessie,81,,Toni,74,,Alana,77,,Angela,75,,Vanessa,68,,Julia,66,,Taylor,68,,Lisa,61,,Gabrielle,62,,Jennifer,62,,Julia,61,,Melissa,65,,Phoebe,60,,Gemma,60,,Stella,54,,Eva,55,,Riley,57,,Angel,49,,Abby,55,,Aaliyah,58,,Laura,59,,Mikayla,55,,Isabel,58,,Amy,57,,Millie,60,,Natalie,53,,Imogen,51,,Bella,63,,Elizabeth,61,,Victoria,53,,Emilia,53,,Summer,52,,Sienna,53,,Margot,59,,Piper,60
,72,Brenda,84,,Maree,89,,Carolyn,83,,Ruth,87,,Ruth,100,,Cheryl,105,,Louise,98,,Shelley,112,,Janice,112,,Kerry,110,,Cheryl,97,,Shelley,93,,Dianne,90,,Shelley,91,,Lynda,100,,Judith,92,,Natalie,92,,Emma,91,,Maree,84,,Philippa,87,,Robyn,84,,Amy,81,,Charlotte,75,,Heidi,71,,Toni,68,,Lauren,71,,Naomi,71,,Sara,69,,Shelley,71,,Maria,69,,Rochelle,77,,Alexandra,74,,Rochelle,74,,Shannon,73,,Zoe,80,,Kirsty,74,,Toni,76,,Casey,75,,Nikita,68,,Jamie,65,,Ruby,67,,Kimberley,61,,Jordan,62,,Amanda,62,,Amelia,61,,Jamie,64,,Summer,59,,Jordan,60,,Destiny,53,,Stella,55,,Rose,57,,Ashleigh,48,,Isabelle,55,,Angel,58,,Manaia,57,,Scarlett,53,,Mikayla,57,,Peyton,57,,Ashley,60,,Victoria,53,,Phoebe,50,,Annabelle,62,,Sofia,59,,Summer,53,,Rose,51,,Harriet,52,,Amber,52,,Piper,59,,Maddison,59
,73,Vicki,83,,Frances,89,,Vivienne,81,,Louise,87,,Maureen,93,,Frances,102,,Caroline,98,,Shona,112,,Tania,110,,Shirley,107,,Yvonne,96,,Ruth,92,,Annette,89,,Claire,90,,Debbie,100,,Cherie,92,,Carol,92,,Margaret,90,,Debbie,84,,Patricia,83,,Anita,83,,Linda,77,,Anita,74,,Bridget,70,,Mary,68,,Emily,71,,Tina,70,,Olivia,68,,Anita,69,,Holly,69,,Jane,77,,Toni,72,,Helen,74,,Maria,70,,Louise,79,,Tamara,73,,Rebekah,75,,Brittany,74,,Maria,68,,Georgina,65,,Leah,66,,Cassandra,61,,Ellen,61,,Leah,61,,Angel,61,,Sophia,64,,Maria,57,,Katelyn,57,,Jemma,53,,Gabrielle,54,,Tessa,57,,Maya,48,,Nikita,55,,Lauren,58,,Scarlett,57,,Savannah,53,,Victoria,57,,Hayley,56,,Alyssa,60,,Nina,52,,Brooklyn,50,,Madeleine,61,,Frankie,59,,Zoey,53,,Alexis,51,,Holly,51,,Elsie,51,,Harlow,58,,Eden,57
,74,Josephine,83,,Valerie,87,,Lynne,81,,Glenys,87,,Michelle,89,,Michele,100,,Vivienne,96,,Sally,111,,Kay,110,,Lisa,106,,Sheryl,96,,Barbara,92,,Debbie,87,,Natalie,88,,Sally,97,,Debbie,91,,Pamela,91,,Cherie,88,,Cheryl,83,,Caroline,83,,Carla,83,,Sally,76,,Janine,71,,Mary,69,,Shelley,67,,Wendy,70,,Sara,69,,Paula,67,,Lauren,68,,Sara,68,,Mary,76,,Jane,71,,Louise,73,,Amber,70,,Kayla,77,,Sara,70,,Melanie,70,,Gemma,71,,Morgan,68,,Alana,64,,Lisa,66,,Ella,61,,Abigail,61,,Jessie,60,,Sophia,59,,Maia,61,,Renee,57,,Paris,57,,Trinity,53,,Aimee,52,,Abby,55,,Bella,47,,Caitlyn,54,,Aria,57,,Angel,56,,Sofia,53,,Millie,56,,Isabel,56,,Ayla,59,,Ellie,52,,Addison,50,,Frankie,60,,Lola,57,,Luna,53,,Summer,50,,Imogen,51,,Hannah,51,,Zara,58,,Kaia,57
,75,Jill,83,,Elaine,83,,Dorothy,80,,Diana,85,,Lynne,87,,Stephanie,96,,Colleen,96,,Leanne,110,,Cheryl,108,,Lesley,104,,Ruth,92,,Rosemary,91,,Marie,86,,Toni,87,,Claire,91,,Sonya,88,,Heather,89,,Maree,87,,Brenda,82,,Claire,83,,Vicki,81,,Jolene,75,,Shannon,70,,Kirsten,69,,Emily,67,,Anita,70,,Paula,68,,Mary,66,,Teresa,67,,Jane,68,,Jacqueline,76,,Fiona,70,,Christine,73,,Brooke,70,,Toni,73,,Tracey,70,,Jenna,70,,Vanessa,69,,Jamie,68,,Kelsey,63,,Toni,64,,Cheyenne,61,,Kelsey,60,,Amelia,60,,Maria,57,,Molly,61,,Alyssa,56,,Kaitlyn,55,,Abby,52,,Jordan,52,,Aimee,54,,Caitlyn,47,,Harmony,54,,Riley,57,,Abby,55,,Riley,51,,Danielle,55,,Olive,55,,Violet,59,,Sarah,52,,Ariana,49,,Jasmine,59,,Anna,57,,Charlie,53,,Peyton,50,,Kiara,51,,Leah,51,,Hannah,57,,Summer,57
,76,Angela,78,,Dorothy,82,,Ruth,79,,Penelope,84,,Jeanette,87,,Maria,96,,Gail,95,,Lesley,109,,Katherine,107,,Anna,103,,Rosemary,92,,Tina,91,,Caroline,84,,Lynda,87,,Teresa,89,,Sally,86,,Raewyn,88,,Kerry,87,,Belinda,82,,Gina,82,,Kate,81,,Toni,74,,Sally,70,,Alison,69,,Alison,65,,Linda,69,,Jacqueline,67,,Leanne,66,,Caroline,66,,Donna,68,,Maria,71,,Joanne,67,,Kimberley,72,,Jade,67,,Maria,72,,Kathryn,70,,Vanessa,69,,Melanie,69,,Claire,68,,Kirsty,63,,Kelsey,64,,Natalie,60,,Julia,59,,Alana,60,,Rebekah,56,,Casey,58,,Destiny,56,,Katherine,55,,Leah,52,,Madeline,52,,Jessie,54,,Lauren,47,,Trinity,54,,Abby,54,,Maya,55,,Hazel,50,,Harmony,54,,Ayla,54,,Ellie,58,,Alyssa,52,,Madeleine,47,,Alexis,59,,Phoebe,55,,Rose,52,,Leah,50,,Cora,50,,Margot,49,,Amber,56,,Phoebe,55
,77,Vivienne,77,,Glenys,81,,Louise,78,,Michelle,83,,Andrea,87,,Kay,96,,Michele,93,,Sarah,108,,Sarah,106,,Sheryl,102,,Debbie,89,,Katrina,81,,Cheryl,82,,Melissa,87,,Sonya,89,,Karyn,86,,Bridget,86,,Sheryl,86,,Heather,79,,Heather,82,,Mary,80,,Kiri,73,,Marie,70,,Sara,67,,Kirsten,64,,Leanne,69,,Jodie,67,,Susan,65,,Naomi,65,,Ruth,67,,Christine,71,,Alicia,67,,Nikita,71,,Alana,67,,Tara,71,,Erin,69,,Louise,68,,Claire,69,,Louise,67,,Kathryn,61,,Kelly,64,,Kelsey,59,,Jamie,58,,Gabrielle,56,,Jamie,56,,Maria,58,,Tessa,56,,Aaliyah,54,,Shakira,52,,Ariana,51,,Gemma,53,,Rachel,47,,Lilly,53,,Maria,54,,Rose,55,,Bailey,50,,Ayla,54,,Poppy,54,,Piper,58,,Charlie,52,,Matilda,46,,Addison,59,,Aurora,55,,Leah,52,,Ariana,50,,Elsie,50,,Charlie,48,,Eliza,55,,Nina,54
,78,Valerie,77,,Shona,79,,Valerie,75,,Bronwyn,82,,Kim,86,,Adrienne,95,,Diana,93,,Ruth,98,,Shirley,105,,Cheryl,101,,Tanya,88,,Jillian,80,,Michele,81,,Michele,85,,Pamela,88,,Kathleen,85,,Brenda,86,,Sally,85,,Debra,79,,Carolyn,81,,Patricia,80,,Monique,71,,Bronwyn,69,,Teresa,67,,Tanya,63,,Jolene,68,,Christine,66,,Sharon,65,,Donna,65,,Toni,67,,Alicia,70,,Kim,66,,Casey,70,,Krystal,66,,Helen,70,,Rochelle,68,,Sara,67,,Kathryn,68,,Tessa,65,,Jessie,61,,Jordan,64,,Abigail,58,,Crystal,57,,Michelle,55,,Michelle,55,,Rebekah,58,,Michaela,55,,Chelsea,54,,Caitlyn,51,,Natasha,51,,Zara,53,,Gemma,46,,Ashlee,52,,Scarlett,54,,Lilly,54,,Brooklyn,49,,Matilda,53,,Katie,53,,Mikayla,57,,Phoebe,52,,Aurora,46,,Nina,58,,Maria,53,,Keira,52,,Anna,50,,Billie,49,,Holly,48,,Ada,54,,Aaliyah,53
,79,Shona,76,,Adrienne,79,,Anna,74,,Valerie,80,,Louise,84,,Andrea,94,,Ruth,92,,Frances,96,,Caroline,104,,Lorraine,99,,Pamela,88,,Michele,79,,Pamela,80,,Justine,85,,Melanie,88,,Rachael,83,,Sonya,85,,Sonya,85,,Sharlene,78,,Vicki,80,,Hayley,78,,Heidi,70,,Tanya,68,,Julia,65,,Kristy,63,,Teresa,67,,Philippa,65,,Alicia,65,,Toni,63,,Caroline,67,,Kim,68,,Casey,66,,Joanna,69,,Rochelle,65,,Julia,70,,Alicia,62,,Julia,67,,Georgina,67,,Rachael,64,,Nikita,60,,Morgan,62,,Katherine,57,,Aimee,57,,Bailey,55,,Brianna,55,,Jessie,57,,Stephanie,55,,Eden,54,,Claudia,51,,Zara,50,,Bella,52,,Brooklyn,45,,Gabrielle,51,,Victoria,54,,Riley,54,,Abby,49,,Aria,52,,Manaia,52,,Rose,57,,Lola,51,,Thea,45,,Penelope,58,,Eleanor,53,,Eleanor,52,,Sofia,49,,Amaia,49,,Phoebe,48,,Phoebe,53,,Addison,53
,80,Joanne,76,,Irene,78,,Penelope,73,,Christina,80,,Glenys,84,,Diana,91,,Bronwyn,92,,Tracy,95,,Colleen,102,,Gillian,98,,Jan,86,,Janet,79,,Janet,80,,Sally,83,,Melissa,87,,Marie,83,,Debbie,85,,Katherine,85,,Patricia,78,,Penelope,79,,Cherie,78,,Robyn,69,,Philippa,66,,Emily,65,,Julia,63,,Laura,66,,Olivia,64,,Jacqueline,64,,Olivia,63,,Samantha,65,,Margaret,65,,Monique,64,,Jasmine,69,,Andrea,65,,Rochelle,68,,Kelsey,61,,Tamara,65,,Louise,66,,Casey,64,,Crystal,60,,Gabrielle,60,,Eden,56,,Christina,57,,Rebekah,54,,Maddison,53,,Gabrielle,55,,Jenna,54,,Melissa,53,,Faith,51,,Mackenzie,49,,Isabelle,52,,Keira,45,,Brooklyn,50,,Alexis,53,,Victoria,54,,Daisy,49,,Mackenzie,51,,Keira,51,,Matilda,56,,Keira,51,,Savannah,45,,Harriet,56,,Rose,52,,Anna,52,,Cora,49,,Nina,49,,Rosie,48,,Kiara,52,,Quinn,52
,81,Joy,76,,Joy,78,,Jocelyn,73,,Lynne,79,,Caroline,83,,Bronwyn,85,,Beverley,90,,Lynne,93,,Sheryl,101,,Christina,98,,Lynne,84,,Jan,78,,Toni,79,,Caroline,83,,Barbara,87,,Carol,82,,Rochelle,84,,Brenda,84,,Julia,78,,Margaret,78,,Heather,72,,Hayley,69,,Linda,66,,Tanya,64,,Janine,62,,Kirsten,65,,Carla,64,,Alana,64,,Jasmine,62,,Mary,64,,Rebekah,65,,Haley,63,,Jane,63,,Casey,64,,Casey,68,,Helen,61,,Katrina,63,,Erin,66,,Josephine,63,,Michaela,59,,Georgina,59,,Rose,54,,Natalie,56,,Madeleine,54,,Molly,52,,Michelle,55,,Maia,54,,Julia,51,,Jessie,51,,Rebekah,49,,Jordan,52,,Madeline,45,,Chelsea,50,,Skye,53,,Jorja,53,,Lauren,49,,Olive,51,,Evelyn,51,,Anna,56,,Kate,50,,Kate,45,,Aaliyah,56,,Pippa,51,,Jessica,51,,Imogen,48,,Addison,48,,Summer,48,,Zoey,51,,Imogen,51
,82,Lois,74,,Angela,78,,Shona,71,,Marilyn,79,,Paula,82,,Maureen,84,,Debbie,89,,Gail,92,,Lesley,97,,Caroline,96,,Shirley,83,,Kerry,76,,Jan,78,,Vanessa,82,,Judith,84,,Pamela,80,,Denise,84,,Debra,84,,Kirsty,76,,Diane,75,,Margaret,70,,Christina,69,,Heidi,66,,Jolene,64,,Hannah,61,,Aimee,65,,Emily,63,,Jaime,61,,Bridget,62,,Shelley,63,,Christina,62,,Kathryn,63,,Crystal,61,,Helen,62,,Katrina,67,,Tessa,60,,Joanna,62,,Rochelle,65,,Toni,62,,Toni,57,,Nikita,56,,Jennifer,54,,Monica,56,,Casey,54,,Morgan,52,,Morgan,53,,Alice,53,,Natalie,51,,Eva,50,,Brooklyn,48,,Caitlyn,51,,Natasha,45,,Bella,49,,Trinity,53,,Hazel,52,,Tessa,48,,Hazel,51,,Savannah,49,,Amy,56,,Alexandra,49,,Brooke,44,,Skyla,55,,Jasmine,51,,Emilia,51,,Paige,47,,Leah,48,,Ada,46,,Kaia,50,,Rosie,51
,83,Stephanie,72,,Lois,73,,Adrienne,71,,Josephine,79,,Penelope,82,,Josephine,84,,Lynne,88,,Debbie,92,,Anna,94,,Debbie,95,,Lorraine,82,,Yvonne,75,,Cherie,77,,Shona,82,,Victoria,83,,Christina,78,,Philippa,83,,Anne,84,,Carolyn,76,,Alison,75,,Alison,69,,Cherie,67,,Cherie,66,,Katie,64,,Heather,61,,Ruth,63,,Samantha,61,,Julia,61,,Jacqueline,60,,Bridget,63,,Krystal,61,,Mary,60,,Alicia,59,,Jamie,61,,Grace,65,,Mary,60,,Kirsty,60,,Maria,63,,Gabrielle,62,,Leah,57,,Kathryn,56,,Gemma,54,,Kimberley,56,,Rose,53,,Jennifer,52,,Angel,52,,Melissa,53,,Shannon,51,,Maria,50,,Bella,47,,Faith,51,,Nikita,45,,Nevaeh,49,,Alexandra,52,,Savannah,51,,Rebecca,48,,Willow,50,,Ellie,49,,Khloe,55,,Isabel,48,,Alexandra,44,,Jade,54,,Taylor,50,,Elizabeth,51,,Nina,47,,Maisie,48,,Heidi,46,,Nevaeh,50,,Eliana,50
,84,Joan,71,,Paula,73,,Jill,70,,Teresa,78,,Jocelyn,82,,Penelope,81,,Sarah,87,,Anna,92,,Diana,93,,Colleen,94,,Stephanie,81,,Sheryl,75,,Karyn,76,,Kerry,81,,Cherie,83,,Anita,78,,Anita,83,,Claire,84,,Carmen,75,,Cheryl,73,,Kerry,67,,Marie,65,,Alison,66,,Sally,62,,Laura,58,,Philippa,63,,Kristy,61,,Tanya,60,,Crystal,57,,Jacqueline,62,,Bridget,61,,Christine,60,,Georgina,58,,Alicia,61,,Tessa,64,,Louise,59,,Helen,60,,Ellen,63,,Julia,61,,Melanie,57,,Erin,55,,Casey,54,,Ashlee,56,,Lily,53,,Summer,51,,Tegan,52,,Tiana,53,,Gabrielle,50,,Natasha,50,,Jennifer,47,,Megan,51,,Faith,44,,Nicole,49,,Ashley,52,,Tessa,51,,Alexandra,48,,Mila,50,,Alexandra,49,,Phoebe,55,,Amber,48,,Natalie,43,,Sadie,51,,Leah,50,,Harriet,51,,Jasmine,47,,Lilly,47,,Kiara,46,,Leah,48,,Bonnie,48
,85,Dorothy,71,,Vivienne,72,,Diana,70,,Jocelyn,77,,Joy,81,,Jeanette,81,,Shelley,86,,Janine,90,,Vivienne,92,,Janice,93,,Shona,81,,Natalie,74,,Ann,76,,Cherie,81,,Ruth,81,,Lynda,77,,Kerry,81,,Diane,82,,Diane,74,,Kerry,72,,Julia,67,,Charlotte,65,,Justine,65,,Kerry,62,,Patricia,57,,Samantha,62,,Jasmine,60,,Wendy,59,,Paula,56,,Anita,61,,Tracy,59,,Caroline,60,,Krystal,58,,Amelia,61,,Tania,62,,Cassandra,59,,Amelia,58,,Julia,62,,Ruby,59,,Claire,57,,Maria,54,,Toni,53,,Cassandra,55,,Lisa,53,,Katherine,51,,Tiana,52,,Tyla,53,,Rose,50,,Ariana,49,,Chelsea,46,,Natasha,51,,Ashlee,43,,Scarlett,49,,Gemma,52,,Alexandra,50,,Ashley,47,,Daisy,49,,Rebecca,48,,Evie,54,,Jade,48,,Florence,43,,Samantha,51,,Isabel,50,,Molly,47,,Heidi,47,,Jessica,46,,Zoey,46,,Summer,48,,Lola,48
,86,Paula,70,,Bronwyn,72,,Philippa,69,,Caroline,77,,Sarah,80,,Teresa,80,,Glenda,85,,Adrienne,90,,Christina,90,,Ruth,90,,Megan,81,,Shona,73,,Claire,75,,Ann,81,,Marie,81,,Caroline,77,,Judith,81,,Pauline,81,,Sally,73,,Denise,72,,Brenda,66,,Vicki,64,,Heather,64,,Carla,62,,Georgina,57,,Naomi,62,,Alice,59,,Monique,59,,Frances,56,,Casey,60,,Susan,59,,Jade,59,,Haley,57,,Tara,60,,Christine,62,,Alana,59,,Georgia,57,,Alicia,60,,Georgina,58,,Casey,56,,Claudia,54,,Vanessa,53,,Summer,54,,Ariana,53,,Madeleine,50,,Caitlyn,51,,Casey,52,,Trinity,50,,Brooklyn,49,,Claudia,46,,Taylor,50,,Jemma,43,,Libby,48,,Brianna,50,,Natalie,50,,Anahera,47,,Lola,49,,Layla,48,,Lola,52,,Hayley,47,,Sadie,42,,Sarah,51,,Lucia,49,,Heidi,46,,Brooklyn,47,,Harlow,44,,Molly,45,,Eloise,47,,Harlow,47
,87,Diana,68,,Fiona,71,,Victoria,68,,Joy,76,,Michele,80,,Caroline,80,,Jeanette,85,,Stephanie,88,,Lisa,89,,Teresa,86,,Tina,80,,Colleen,73,,Teresa,74,,Rebecca,80,,Kathleen,80,,Pauline,76,,Sally,78,,Julia,81,,Bridget,73,,Hayley,71,,Annette,66,,Stacey,64,,Vicki,63,,Marie,61,,Katie,57,,Marie,61,,Lauren,58,,Jade,59,,Jodie,56,,Jasmine,59,,Julie,59,,Crystal,58,,Joanne,57,,Christine,59,,Rebekah,59,,Rebekah,58,,Brittany,57,,Tara,58,,Erin,57,,Morgan,55,,Ashlee,53,,Jamie,53,,Lisa,54,,Tegan,52,,Gemma,49,,Renee,51,,Gemma,52,,Brooklyn,49,,Renee,49,,Maria,44,,Victoria,50,,Eden,42,,Rose,48,,Maya,50,,Peyton,50,,Manaia,47,,Layla,48,,Elise,48,,Skyla,50,,Taylor,47,,Nevaeh,42,,Keira,51,,Zoey,47,,Amaia,45,,Aaliyah,47,,Heidi,44,,Paige,45,,Jasmine,47,,Charlie,45
,88,Gloria,67,,Louise,70,,Rhonda,67,,Elaine,75,,Vivienne,79,,Vivienne,77,,Janine,85,,Caroline,88,,Frances,89,,Shona,83,,Lynley,80,,Toni,72,,Christina,73,,Gillian,78,,Dianne,80,,Annette,75,,Emma,78,,Annette,81,,Ruth,72,,Sally,70,,Maree,65,,Karla,62,,Margaret,61,,Linda,61,,Suzanne,56,,Jade,61,,Leanne,57,,Christina,56,,Philippa,55,,Jade,58,,Fiona,58,,Frances,57,,Rebekah,56,,Nikki,57,,Bridget,59,,Morgan,58,,Tracey,56,,Nikita,58,,Leah,56,,Chantelle,55,,Tiana,52,,Jordan,52,,Georgina,54,,Maddison,52,,Angela,48,,Julia,50,,Hope,52,,Jennifer,49,,Katelyn,48,,Taylor,44,,Lydia,49,,Isla,42,,Taylor,48,,Mya,50,,Sofia,50,,Katelyn,46,,Savannah,47,,Natalie,48,,Evelyn,50,,Brooke,47,,Isobel,42,,Elsie,51,,Heidi,47,,Nina,44,,Billie,47,,Lola,44,,Daisy,44,,Maya,47,,Elizabeth,45
,89,Adrienne,66,,Stephanie,69,,Stephanie,67,,Jeanette,73,,Josephine,79,,Valerie,75,,Teresa,83,,Kaye,86,,Ruth,86,,Kay,83,,Michele,80,,Lorraine,72,,Gail,71,,Lesley,77,,Philippa,76,,Barbara,75,,Debra,77,,Sharlene,79,,Caroline,72,,Robyn,70,,Christina,65,,Erin,62,,Jodie,61,,Kathleen,61,,Rebekah,55,,Christina,61,,Marie,56,,Christine,56,,Marie,54,,Alicia,58,,Karen,58,,Jemma,56,,Andrea,56,,Jessie,56,,Leah,56,,Caitlin,58,,Kayla,56,,Mary,57,,Sara,55,,Ashlee,55,,Madeleine,52,,Sophia,51,,Leah,54,,Kimberley,52,,Kelly,47,,Madeleine,50,,Brooklyn,51,,Lydia,49,,Tiana,48,,Harmony,43,,Ashleigh,48,,Lilly,42,,Isabel,47,,Gabriella,49,,Maria,49,,Piper,46,,Natalie,47,,Victoria,48,,Daisy,50,,Florence,47,,Kayla,42,,Emilia,50,,Molly,46,,Amber,44,,Victoria,46,,Rose,44,,Eliza,44,,Paige,47,,Hannah,45
,90,Bronwyn,62,,Debra,67,,Glenys,67,,Andrea,73,,Bronwyn,79,,Ruth,74,,Anna,83,,Teresa,83,,Shona,85,,Stephanie,82,,Lesley,79,,Jeanette,71,,Yvonne,70,,Dianne,71,,Kerry,76,,Lynette,74,,Kelly,76,,Debbie,79,,Claire,70,,Debbie,69,,Carmen,65,,Patricia,61,,Carolyn,61,,Carolyn,61,,Clare,55,,Mary,60,,Belinda,56,,Suzanne,55,,Tanya,53,,Frances,57,,Donna,57,,Anita,56,,Anita,55,,Cassandra,55,,Amelia,56,,Tara,57,,Cassandra,56,,Leah,57,,Kathryn,55,,Rachael,54,,Madison,52,,Isabella,51,,Amelia,54,,Brianna,52,,Hope,47,,Summer,50,,Katelyn,51,,Morgan,49,,Monique,47,,Hope,43,,Chelsea,47,,Madeleine,42,,Maya,46,,Harmony,49,,Lauren,48,,Lola,46,,Lucia,46,,Tayla,48,,Kate,50,,Millie,46,,Annabelle,42,,Eleanor,50,,Faith,46,,Annabelle,44,,Eliza,46,,Annabelle,44,,Isabel,44,,Marley,46,,Maya,45
,91,Marian,60,,Christina,66,,Joan,66,,Lois,72,,Adrienne,78,,Sarah,73,,Maureen,80,,Diana,82,,Stephanie,84,,Gaylene,82,,Janice,78,,Katherine,70,,Melanie,70,,Melanie,70,,Natalie,75,,Belinda,73,,Lynda,75,,Natasha,78,,Anne,70,,Maree,68,,Charlotte,65,,Kerry,61,,Christina,60,,Christina,60,,Kerry,53,,Sara,59,,Kirsten,54,,Lauren,55,,Lucy,52,,Rebekah,56,,Crystal,56,,Courtney,54,,Brooke,55,,Bridget,52,,Brooke,56,,Katrina,55,,Bridget,56,,Paige,56,,Crystal,55,,Vanessa,53,,Rachael,51,,Nicola,49,,Nicola,53,,Cheyenne,51,,Mackenzie,46,,Kaitlyn,48,,Cheyenne,50,,Rebekah,49,,Jennifer,46,,Renee,43,,Claudia,46,,Poppy,42,,Tessa,46,,Tessa,49,,Alice,47,,Madeline,46,,Maya,46,,Angel,47,,Riley,49,,Imogen,46,,Sarah,41,,Ariana,50,,Elsie,46,,Maya,43,,Daisy,45,,Anna,44,,Maya,43,,Cleo,45,,Molly,45
,92,Lynnette,58,,Ngaire,65,,Josephine,63,,Jill,71,,Frances,75,,Paula,73,,Joy,77,,Amanda,82,,Amanda,82,,Lynne,80,,Jeanette,76,,Cherie,69,,Gillian,70,,Philippa,69,,Bridget,72,,Ann,72,,Cherie,75,,Kirsty,76,,Philippa,69,,Annette,68,,Cindy,65,,Renee,60,,Leah,57,,Nadine,58,,Erin,52,,Jodie,59,,Alana,54,,Teresa,54,,Kirsten,52,,Susan,55,,Tara,55,,Gina,53,,Philippa,54,,Fiona,51,,Mary,55,,Casey,54,,Tania,54,,Krystal,56,,Christine,54,,Maria,52,,Abigail,51,,Catherine,49,,Kaitlyn,53,,Christina,51,,Leah,46,,Kelsey,48,,Faith,50,,Renee,49,,Tessa,46,,Tiana,43,,Isla,46,,Sienna,42,,Aimee,45,,Anahera,48,,Lucia,47,,Faith,45,,Katelyn,45,,Millie,46,,Lucia,48,,Esther,45,,Isabel,41,,Molly,49,,Ariana,46,,Lola,43,,Eleanor,45,,Peyton,44,,Rose,43,,Maisie,45,,Pippa,45
,93,Louise,57,,Jean,64,,Kerry,63,,Anna,71,,Stephanie,74,,Philippa,72,,Adrienne,77,,Vivienne,81,,Maureen,81,,Katherine,80,,Gillian,75,,Lynne,68,,Jillian,70,,Yvonne,68,,Anita,72,,Michele,71,,Karyn,73,,Philippa,75,,Anita,69,,Julia,67,,Sharlene,63,,Heather,60,,Georgina,57,,Bronwyn,58,,Marie,51,,Alice,59,,Heidi,53,,Marie,54,,Jane,52,,Naomi,55,,Paula,55,,Jacqueline,53,,Jade,50,,Gina,51,,Ashlee,55,,Joanna,53,,Morgan,54,,Sara,53,,Melanie,53,,Krystal,52,,Tegan,50,,Lydia,48,,Eden,53,,Maria,50,,Phoebe,45,,Tessa,48,,Briana,49,,Jemma,48,,Jenna,45,,Ava,42,,Jenna,46,,Taylor,42,,Anahera,45,,Isabel,48,,Anika,46,,Annabelle,45,,Piper,45,,Lucia,45,,Lauren,48,,Aurora,45,,Harriet,41,,Daisy,49,,Brooklyn,46,,Brooklyn,43,,Jessica,44,,Charlie,43,,Athena,42,,Pippa,45,,Zoey,45
,94,Virginia,54,,Diana,64,,Katherine,62,,Marion,70,,Elaine,72,,Christina,72,,Tracey,75,,Maureen,81,,Megan,79,,Vivienne,78,,Diana,73,,Gillian,68,,Sheryl,69,,Ruth,67,,Ann,72,,Nicole,71,,Julia,72,,Anita,75,,Nadine,68,,Jodie,65,,Sheree,63,,Emily,59,,Kiri,57,,Ruth,57,,Lauren,51,,Shelley,57,,Christina,53,,Jasmine,54,,Christina,52,,Heather,54,,Naomi,55,,Deborah,53,,Courtney,50,,Whitney,50,,Andrea,54,,Krystal,53,,Kylie,54,,Christine,52,,Rose,53,,Tegan,51,,Tori,50,,Georgina,48,,Eilish,52,,Molly,50,,Christine,45,,Alicia,47,,Niamh,49,,Caitlyn,47,,Madeleine,45,,Eden,42,,Natalie,46,,Harmony,41,,Faith,45,,Kaitlyn,48,,Caitlyn,46,,Violet,45,,Faith,45,,Nina,44,,Isabel,48,,Madeleine,45,,Katie,40,,Amber,49,,Billie,45,,Sarah,42,,Elsie,43,,Daisy,43,,Delilah,42,,Rosie,45,,Eloise,44
,95,Penelope,54,,Claire,63,,Dawn,62,,Dorothy,70,,Philippa,71,,Lynley,71,,Jocelyn,73,,Christina,81,,Lynley,77,,Diana,78,,Teresa,72,,Diana,67,,Ruth,68,,Bridget,67,,Christina,70,,Philippa,70,,Marie,70,,Raewyn,74,,Gina,68,,Kate,65,,Sonya,63,,Debbie,58,,Carla,57,,Philippa,57,,Jodie,51,,Suzanne,56,,Wendy,52,,Kirsten,54,,Casey,52,,Jenna,53,,Frances,55,,Leanne,52,,Jacqueline,49,,Tessa,50,,Alana,54,,Amelia,53,,Leah,54,,Bridget,52,,Aleisha,53,,Madeleine,51,,Krystal,50,,Erin,48,,Lydia,51,,Tiana,48,,Bailey,45,,Jennifer,47,,Julia,47,,Faith,47,,Rose,45,,Isabelle,42,,Tiana,46,,Jordan,41,,Jessie,45,,Manaia,48,,Gabrielle,46,,Aria,45,,Pippa,44,,Sasha,44,,Maria,47,,Matilda,44,,Keira,40,,Nevaeh,48,,Charlie,45,,Arabella,42,,Annabelle,43,,Esther,43,,Esther,42,,Amara,44,,Delilah,43
,96,Lynn,53,,Lynnette,62,,Bronwyn,62,,Vivienne,69,,Jill,71,,Jocelyn,71,,Kaye,71,,Glenda,80,,Gail,77,,Jeanette,72,,Maureen,70,,Kay,65,,Sonia,66,,Vicky,66,,Sheryl,69,,Claire,70,,Penelope,69,,Carol,70,,Christina,67,,Brenda,65,,Philippa,63,,Alison,58,,Monique,56,,Heather,57,,Jolene,51,,Heather,56,,Julia,50,,Belinda,54,,Alicia,52,,Haley,53,,Teresa,53,,Bridget,51,,Amelia,49,,Joanna,50,,Jane,53,,Crystal,53,,Sinead,53,,Ashlee,51,,Angela,52,,Erin,51,,Alana,50,,Alana,48,,Melanie,51,,Catherine,48,,Casey,45,,Katelyn,47,,Natalie,46,,Jessie,46,,Tyla,45,,Lydia,42,,Erin,45,,Kaitlyn,41,,Courtney,44,,Millie,48,,Mackenzie,46,,Maria,45,,Payton,44,,Maria,44,,Keira,47,,Claire,43,,Caitlin,40,,Freya,48,,Emilia,44,,Skylar,41,,Athena,43,,Victoria,42,,Annabelle,41,,Kora,44,,Leah,43
,97,Christina,53,,Joan,62,,Elaine,62,,Nicola,69,,Janine,70,,Shelley,70,,Penelope,70,,Katherine,79,,Lynne,75,,Maureen,70,,Colleen,70,,Belinda,65,,Natalie,66,,Jan,66,,Yvonne,67,,Vicky,67,,Lynette,69,,Karyn,69,,Penelope,66,,Debra,65,,Debbie,63,,Sonia,57,,Jodi,56,,Erin,57,,Sara,50,,Cherie,55,,Cherie,50,,Tina,50,,Sheree,50,,Georgina,53,,Deborah,52,,Julie,50,,Julie,48,,Leah,49,,Georgina,53,,Rose,51,,Mary,53,,Abigail,51,,Ashlee,52,,Rose,50,,Aleisha,49,,Tiana,46,,Stacey,48,,Cassandra,48,,Georgina,44,,Crystal,46,,Caitlyn,45,,Piper,46,,Christina,44,,Piper,42,,Ariana,44,,Megan,41,,Maria,44,,Nikita,48,,Ayla,45,,Natalie,44,,Rebecca,44,,Lauren,44,,Faith,46,,Faith,43,,Maria,39,,Aurora,47,,Victoria,43,,Madeline,41,,Sarah,42,,Ada,42,,Jasmine,41,,Lilly,44,,Lilly,43
,98,Claire,53,,Penelope,61,,Paula,61,,Paula,69,,Claire,69,,Janine,70,,Tina,69,,Philippa,76,,Penelope,71,,Gail,70,,Frances,69,,Teresa,64,,Vicky,65,,Penelope,63,,Jan,66,,Kirsten,67,,Pauline,69,,Penelope,68,,Kellie,66,,Marie,63,,Stacey,62,,Carla,57,,Katie,56,,Sheree,56,,Sally,49,,Belinda,54,,Sandra,49,,Bridget,50,,Krystal,50,,Teresa,52,,Ruth,51,,Philippa,49,,Chloe,48,,Anita,49,,Krystal,50,,Lydia,51,,Nikita,53,,Tracey,50,,Joanna,51,,Louise,50,,Vanessa,48,,Savannah,46,,Madeleine,48,,Eden,47,,Tamara,43,,Tamara,46,,Crystal,45,,Ariana,44,,Isabelle,44,,Kyla,41,,Gabrielle,44,,Scarlett,40,,Rachel,44,,Phoebe,48,,Chelsea,45,,Madeleine,44,,Tessa,44,,Khloe,43,,Maya,46,,Mikayla,43,,Naomi,39,,Imogen,46,,Madeleine,43,,Faith,41,,Maya,42,,Marley,42,,Lilly,41,,Nina,44,,Amara,42
,99,Leonie,52,,Gloria,60,,Christina,60,,Janette,69,,Victoria,68,,Claire,69,,Josephine,69,,Jeanette,76,,Kaye,70,,Megan,69,,Kay,68,,Cheryl,64,,Rhonda,64,,Karyn,63,,Kirsten,65,,Emma,67,,Claire,69,,Kathleen,68,,Margaret,65,,Stacey,62,,Kathleen,62,,Margaret,56,,Julia,55,,Sonia,56,,Samantha,49,,Sally,53,,Rebekah,48,,Kristy,48,,Aroha,50,,Christine,52,,Anita,51,,Karen,49,,Gina,47,,Mary,48,,Jamie,50,,Kirsten,51,,Angela,53,,Amelia,50,,Abigail,51,,Ella,50,,Julia,48,,Maria,46,,Mikaela,48,,Crystal,47,,Savannah,43,,Tara,46,,Kaitlin,45,,Catherine,44,,Rebekah,44,,Abbey,40,,Angelina,43,,Stephanie,40,,Skye,44,,Ashlee,47,,Gabriella,45,,Ariana,44,,Ivy,43,,Isobel,43,,Alexandra,45,,Kayla,43,,Freya,39,,Lydia,45,,Hayley,43,,Holly,41,,Kaia,41,,Zoey,41,,Maisie,41,,Anna,43,,Heidi,41
,100,Ngaire,51,,Katherine,59,,Lois,59,,Adrienne,69,,Teresa,68,,Jill,68,,Christina,68,,Beverley,76,,Teresa,68,,Beverley,68,,Claire,68,,Frances,63,,Rebecca,62,,Sonya,62,,Karyn,62,,Penelope,65,,Sonia,67,,Barbara,68,,Rachelle,64,,Georgina,61,,Shona,61,,Carolyn,55,,Jolene,55,,Leah,56,,Penelope,49,,Lucy,53,,Jade,48,,Casey,48,,Tessa,49,,Christina,52,,Kathleen,50,,Tracy,48,,Karen,47,,Kirsten,47,,Josephine,50,,Anita,50,,Georgina,52,,Tania,49,,Tegan,49,,April,49,,Louise,46,,Maddison,45,,Cheyenne,48,,Savannah,46,,Natalie,43,,Zara,46,,Madeleine,44,,Jenna,44,,Zara,44,,Maya,40,,Isabel,43,,Imogen,39,,Alexis,43,,Nicole,47,,Madeleine,45,,Ayla,44,,Imogen,43,,Ariana,43,,Kayla,45,,Indi,42,,Hayley,39,,Lola,45,,Esther,43,,Clara,41,,Amber,41,,Sarah,41,,Iris,40,,Bonnie,43,,Kora,41