,1,John,1389,,John,1384,,Peter,1450,,Peter,1431,,Peter,1484,,Peter,1335,,David,1304,,David,1350,,David,1481,,David,1514,,David,1358,,David,1321,,David,1139,,David,1199,,Michael,1123,,David,1056,,Jason,1365,,Jason,1298,,Jason,1024,,Michael,920,,Michael,880,,Michael,879,,Michael,800,,Michael,757,,Michael,719,,Michael,707,,Daniel,723,,Michael,722,,Daniel,776,,Michael,768,,Michael,783,,Daniel,750,,Michael,742,,Michael,789,,Daniel,782,,Michael,735,,Matthew,752,,Matthew,760,,Matthew,681,,Matthew,696,,Matthew,604,,Joshua,664,,Joshua,712,,Joshua,628,,Joshua,643,,Joshua,649,,Joshua,640,,Joshua,590,,Joshua,484,,Joshua,491,,Joshua,504,,Jack,488,,Jack,534,,Jack,499,,Jack,449,,Jack,345,,Liam,374,,Liam,315,,Jack,374,,Oliver,307,,Oliver,313,,Oliver,348,,Oliver,332,,Oliver,314,,Oliver,293,,Oliver,335,,Oliver,315,,Oliver,308,,Oliver,274
,2,David,1161,,Peter,1244,,John,1277,,John,1250,,David,1238,,David,1307,,Peter,1257,,Peter,1213,,Michael,1276,,Michael,1256,,Michael,1174,,Michael,1075,,Michael,1117,,Michael,1174,,David,1121,,Michael,1049,,Michael,959,,Michael,936,,Michael,870,,Jason,787,,Mark,732,,Andrew,693,,Daniel,668,,Andrew,635,,Andrew,632,,David,672,,Michael,683,,Daniel,682,,Michael,740,,Matthew,764,,Daniel,741,,Michael,742,,Daniel,725,,Daniel,779,,Michael,741,,Daniel,701,,Daniel,724,,Michael,696,,Daniel,623,,James,604,,Daniel,562,,Matthew,555,,Matthew,537,,Matthew,530,,Matthew,467,,Liam,456,,Jack,478,,Jack,436,,Jack,472,,Jack,469,,Jack,491,,Joshua,386,,Joshua,406,,James,369,,James,378,,Oliver,342,,James,333,,Joshua,292,,Oliver,321,,Jack,301,,Jack,265,,Jack,308,,Jack,286,,Jack,284,,Jack,273,,Noah,297,,Jack,261,,Noah,265,,Noah,262
,3,Peter,1157,,David,1177,,David,1199,,David,1168,,John,1181,,John,1227,,Michael,1090,,Michael,1182,,Peter,1124,,John,1072,,John,1047,,Paul,906,,Paul,947,,Andrew,995,,Andrew,965,,Paul,933,,David,916,,David,895,,David,826,,Andrew,733,,Andrew,699,,David,636,,Matthew,614,,Daniel,624,,David,618,,Daniel,656,,David,609,,David,604,,James,604,,Daniel,720,,Matthew,674,,James,658,,Matthew,672,,Matthew,724,,Matthew,678,,Matthew,672,,Michael,708,,Daniel,693,,James,617,,Daniel,566,,Joshua,546,,James,501,,James,506,,Daniel,469,,Samuel,461,,Samuel,445,,Samuel,425,,Samuel,398,,Samuel,381,,Benjamin,410,,Benjamin,370,,Samuel,340,,Daniel,370,,Joshua,366,,William,352,,James,337,,Oliver,327,,Oliver,286,,William,317,,James,279,,James,255,,William,272,,William,263,,Noah,257,,Noah,243,,Leo,257,,Noah,240,,Jack,235,,Leo,243
,4,Michael,853,,Michael,865,,Michael,866,,Michael,938,,Michael,1007,,Michael,1107,,John,1085,,John,1145,,John,1031,,Peter,1025,,Peter,986,,Peter,880,,Andrew,866,,Paul,981,,Paul,959,,Mark,902,,Andrew,909,,Paul,873,,Andrew,812,,David,710,,David,697,,Mark,626,,Andrew,603,,David,613,,Daniel,581,,Andrew,655,,James,586,,Andrew,586,,Andrew,574,,James,640,,Christopher,595,,Matthew,634,,James,585,,James,638,,James,633,,Joshua,637,,James,678,,Joshua,671,,Michael,613,,Michael,563,,James,542,,Daniel,493,,Daniel,482,,James,461,,Liam,424,,Matthew,440,,James,415,,Thomas,373,,Benjamin,379,,Samuel,351,,Samuel,357,,Daniel,321,,James,356,,Daniel,351,,Samuel,346,,Joshua,327,,Jack,325,,Lucas,279,,Liam,290,,William,267,,Mason,244,,James,251,,Mason,254,,William,251,,Leo,221,,Jack,251,,Leo,235,,Leo,234,,Jack,234
,5,Robert,730,,Robert,729,,Paul,728,,Paul,776,,Stephen,873,,Stephen,891,,Stephen,994,,Mark,1018,,Mark,946,,Mark,902,,Paul,900,,John,858,,John,804,,Mark,810,,Mark,841,,Andrew,852,,Paul,879,,Andrew,838,,Paul,753,,Mark,706,,Jason,686,,Jason,593,,David,575,,Mark,554,,Matthew,524,,Matthew,563,,Andrew,563,,James,516,,David,554,,David,573,,James,591,,Christopher,559,,Christopher,537,,Christopher,585,,Joshua,588,,James,609,,Samuel,654,,James,645,,Joshua,594,,Samuel,548,,Samuel,474,,Samuel,461,,Samuel,442,,Liam,451,,James,387,,Jack,430,,Matthew,406,,Benjamin,369,,Ethan,351,,Daniel,336,,Ethan,351,,James,318,,William,332,,William,324,,Joshua,332,,William,326,,William,320,,William,272,,Mason,271,,Mason,262,,Liam,241,,Benjamin,246,,James,253,,Hunter,245,,Hunter,207,,Lucas,247,,Lucas,206,,George,222,,Luca,222
,6,Paul,687,,Paul,712,,Stephen,720,,Stephen,760,,Paul,803,,Mark,829,,Mark,901,,Stephen,909,,Stephen,870,,Paul,891,,Mark,880,,Andrew,838,,Peter,782,,John,727,,Christopher,706,,Jason,721,,Mark,776,,Craig,788,,Craig,725,,Paul,682,,Paul,664,,Daniel,588,,Mark,563,,Jason,549,,Jason,496,,James,541,,Matthew,479,,Matthew,512,,Matthew,549,,Andrew,556,,David,590,,David,522,,David,525,,Andrew,536,,Andrew,555,,Samuel,574,,Joshua,637,,Samuel,612,,Samuel,523,,Joshua,524,,Michael,470,,Benjamin,435,,Liam,440,,Samuel,417,,Jack,379,,Benjamin,416,,Liam,394,,James,368,,James,349,,Jacob,334,,Matthew,329,,Benjamin,297,,Samuel,320,,Oliver,319,,Riley,328,,Samuel,313,,Joshua,298,,Noah,271,,Samuel,258,,Liam,254,,William,234,,Mason,238,,Hunter,244,,James,242,,George,207,,George,232,,George,197,,Charlie,200,,Theodore,219
,7,Stephen,573,,Stephen,681,,Robert,695,,Robert,720,,Mark,752,,Paul,725,,Paul,746,,Paul,785,,Paul,809,,Stephen,820,,Andrew,833,,Mark,802,,Mark,728,,Stephen,698,,Peter,683,,Christopher,662,,Stephen,648,,Mark,769,,Mark,718,,Craig,654,,Matthew,582,,Matthew,577,,Jason,552,,Matthew,531,,James,484,,Christopher,464,,Christopher,442,,Christopher,463,,Christopher,517,,Christopher,541,,Andrew,536,,Andrew,494,,Samuel,490,,Samuel,505,,Samuel,542,,David,485,,Benjamin,493,,Benjamin,541,,Dylan,495,,Benjamin,472,,Jordan,449,,Michael,429,,Benjamin,389,,Benjamin,383,,Daniel,376,,Daniel,389,,Daniel,390,,Jacob,352,,Liam,320,,Ethan,333,,James,327,,Liam,284,,Jacob,306,,Samuel,310,,Liam,302,,Liam,312,,Benjamin,286,,Samuel,266,,Jacob,256,,Samuel,249,,Noah,231,,Hunter,236,,Noah,229,,George,234,,William,204,,William,210,,Charlie,183,,Lucas,190,,George,211
,8,Kevin,543,,Kevin,562,,Kevin,600,,Mark,642,,Robert,708,,Robert,693,,Robert,662,,Robert,735,,Andrew,646,,Andrew,756,,Stephen,757,,Stephen,715,,Stephen,695,,Peter,668,,John,668,,John,654,,Craig,631,,Christopher,586,,Aaron,611,,Matthew,612,,Daniel,554,,Paul,549,,Paul,519,,James,491,,Mark,472,,Jason,442,,Mark,425,,Jason,456,,Jason,417,,Nicholas,396,,Nicholas,458,,Benjamin,470,,Andrew,468,,Joshua,503,,Christopher,530,,Christopher,466,,Christopher,486,,Thomas,449,,Benjamin,490,,Thomas,457,,Benjamin,435,,Liam,395,,Jordan,353,,Thomas,364,,Jacob,364,,James,372,,Thomas,388,,Liam,349,,Daniel,311,,James,332,,Jacob,326,,William,284,,Thomas,293,,Benjamin,308,,Oliver,300,,Benjamin,285,,Jacob,285,,James,264,,Lucas,255,,Lucas,247,,Lucas,228,,Charlie,229,,Lucas,228,,Mason,230,,Lucas,202,,James,210,,Thomas,175,,Theodore,187,,Charlie,195
,9,Christopher,508,,Christopher,547,,Mark,573,,Christopher,625,,Christopher,680,,Christopher,677,,Christopher,620,,Andrew,673,,Robert,643,,Robert,723,,Robert,678,,Richard,593,,Richard,619,,Robert,581,,Richard,639,,Stephen,653,,Christopher,604,,Richard,585,,Christopher,607,,Christopher,545,,Craig,535,,Richard,494,,James,468,,Paul,456,,Christopher,444,,Mark,417,,Paul,424,,Nicholas,446,,Nicholas,394,,Jason,382,,Samuel,430,,Joshua,430,,Joshua,464,,David,502,,Benjamin,476,,Benjamin,455,,Thomas,467,,Andrew,441,,Thomas,457,,Jordan,448,,Thomas,412,,Thomas,387,,Thomas,332,,Michael,341,,Benjamin,359,,Thomas,357,,Jacob,370,,Matthew,348,,Jacob,308,,Thomas,331,,Daniel,325,,Ethan,278,,Benjamin,282,,Ethan,297,,Benjamin,290,,Daniel,265,,Samuel,282,,Benjamin,250,,Ethan,255,,Noah,238,,Benjamin,207,,Liam,228,,Leo,220,,Lucas,227,,James,198,,Thomas,202,,William,175,,William,181,,Hudson,169
,10,Brian,476,,Ian,492,,Christopher,523,,Kevin,532,,Kevin,551,,Kevin,564,,Kevin,546,,Christopher,544,,Christopher,561,,Richard,580,,Richard,571,,Robert,592,,Robert,598,,Richard,577,,Stephen,635,,Craig,619,,Richard,572,,Aaron,571,,Richard,562,,Richard,529,,Christopher,515,,James,470,,Christopher,459,,Christopher,440,,Paul,423,,Paul,414,,Jason,412,,Timothy,400,,Mark,385,,Mark,373,,Benjamin,418,,Samuel,409,,Nicholas,462,,Benjamin,456,,David,470,,Andrew,444,,David,431,,Christopher,413,,Jordan,434,,Christopher,353,,Nicholas,326,,Jordan,380,,Michael,329,,Jacob,329,,Thomas,346,,Jacob,325,,Benjamin,332,,Daniel,311,,Thomas,304,,Matthew,326,,Liam,315,,Jacob,276,,Ryan,282,,Ryan,296,,Daniel,286,,Thomas,254,,Lucas,271,,Jack,244,,Noah,254,,Thomas,214,,Jacob,202,,Jacob,220,,Max,217,,Arlo,194,,Mason,196,,Charlie,192,,Hunter,174,,Luca,172,,William,169
,11,William,442,,Mark,452,,Ian,452,,Richard,481,,Richard,482,,Anthony,516,,Anthony,511,,Richard,542,,Kevin,534,,Christopher,571,,Christopher,550,,Christopher,488,,Christopher,566,,Craig,536,,Robert,608,,Richard,562,,John,572,,John,525,,Matthew,541,,Aaron,521,,Richard,488,,Christopher,455,,Richard,437,,Richard,424,,Richard,379,,Richard,384,,Nicholas,401,,Mark,390,,Benjamin,367,,Benjamin,354,,Joshua,394,,Nicholas,409,,Benjamin,442,,Nicholas,451,,Thomas,408,,Thomas,415,,Nicholas,411,,Nicholas,354,,Christopher,422,,Dylan,347,,Ryan,321,,Jacob,312,,Jacob,311,,Jordan,315,,William,331,,Connor,303,,Cameron,302,,Ethan,288,,Matthew,295,,Liam,314,,Ryan,312,,Ryan,276,,Liam,275,,Jacob,294,,Thomas,268,,Lucas,254,,Thomas,269,,Jacob,239,,James,253,,Hunter,214,,Ethan,198,,Noah,219,,Liam,202,,Leo,193,,Ethan,189,,Arlo,180,,Elijah,170,,Elijah,171,,Oscar,166
,12,Ian,442,,Richard,433,,Richard,438,,Ian,464,,Anthony,445,,Richard,489,,Richard,473,,Anthony,533,,Richard,505,,Craig,487,,Craig,519,,Craig,443,,Craig,501,,Christopher,522,,Shane,580,,Peter,560,,Peter,507,,Stephen,516,,Robert,474,,Robert,452,,Aaron,463,,Craig,445,,Simon,396,,Scott,364,,Aaron,363,,Nicholas,356,,Timothy,363,,Benjamin,363,,Richard,354,,Richard,352,,Jason,389,,Mark,353,,Jason,366,,Thomas,401,,Nicholas,380,,Nicholas,397,,Andrew,406,,Jordan,350,,Nicholas,403,,Nicholas,346,,Christopher,311,,Nicholas,289,,Jack,272,,Jack,307,,Cameron,310,,Caleb,274,,Ethan,301,,William,287,,William,277,,William,303,,William,304,,Thomas,262,,Oliver,270,,Liam,284,,Jacob,266,,Riley,253,,Ryan,262,,Ryan,231,,Cooper,226,,Ethan,208,,Hunter,194,,Thomas,216,,George,193,,Liam,188,,Charlie,187,,Hunter,178,,Cooper,163,,Liam,167,,Arthur,160
,13,Mark,423,,William,426,,Brian,429,,Brian,453,,Ian,433,,Ian,430,,Ian,451,,Kevin,513,,Anthony,483,,Kevin,465,,Grant,448,,Darren,390,,Shane,461,,Dean,471,,Craig,526,,Shane,559,,Shane,480,,Robert,489,,John,464,,Stephen,432,,James,440,,Robert,409,,Scott,382,,Simon,357,,John,302,,Benjamin,328,,Richard,351,,Paul,361,,Timothy,352,,Timothy,335,,Timothy,383,,Richard,336,,Adam,334,,Adam,329,,Adam,327,,Jason,339,,Ryan,307,,David,349,,Andrew,352,,Andrew,341,,Cameron,305,,Cameron,275,,William,267,,Cameron,292,,Dylan,284,,Jordan,267,,Caleb,298,,Caleb,284,,Caleb,269,,Caleb,275,,Thomas,287,,Matthew,253,,Ethan,258,,Thomas,274,,Ethan,250,,Ryan,247,,Noah,262,,Cooper,231,,Daniel,222,,Jacob,207,,Alexander,190,,Max,215,,Thomas,187,,Max,186,,Lachlan,178,,Liam,175,,James,157,,Mason,167,,Elijah,158
,14,Richard,394,,Brian,387,,William,428,,Anthony,452,,William,429,,Wayne,406,,Craig,441,,Ian,453,,Grant,471,,Anthony,464,,Anthony,432,,James,385,,Wayne,388,,Shane,446,,Wayne,417,,Robert,537,,Robert,454,,Peter,483,,Stephen,463,,John,423,,Robert,436,,Aaron,375,,Aaron,373,,Craig,349,,Benjamin,300,,Aaron,315,,Benjamin,348,,Richard,350,,John,311,,Joshua,331,,Richard,346,,Adam,321,,Thomas,314,,Timothy,328,,Jason,318,,Timothy,282,,Cameron,299,,Ryan,322,,David,335,,Ryan,326,,Jacob,283,,Nathan,270,,Ryan,264,,William,277,,Jordan,274,,Dylan,255,,Dylan,283,,Dylan,259,,Jayden,231,,Luke,226,,Caleb,263,,Oliver,249,,Luke,249,,Lucas,263,,Jayden,250,,Ethan,246,,Ethan,259,,Hunter,225,,Blake,209,,Benjamin,206,,Samuel,188,,Lucas,212,,Charlie,187,,Thomas,182,,Thomas,170,,Mason,175,,Lachlan,157,,James,166,,Arlo,156
,15,Alan,381,,Bruce,383,,Wayne,396,,William,405,,Wayne,422,,Bruce,403,,William,422,,Wayne,436,,Wayne,456,,Wayne,417,,Wayne,402,,Anthony,368,,Dean,370,,Steven,396,,James,388,,Steven,418,,James,383,,Matthew,472,,Scott,398,,James,394,,John,397,,John,366,,Craig,361,,Aaron,327,,Simon,297,,Shane,297,,Scott,340,,Scott,328,,Jonathan,310,,John,313,,John,317,,Jason,317,,Mark,307,,Jason,323,,Timothy,294,,Robert,281,,William,296,,William,275,,Ryan,314,,Cameron,326,,Andrew,281,,Ryan,262,,Nicholas,261,,Connor,260,,Michael,265,,Cameron,251,,William,277,,Cameron,236,,Ryan,220,,Oliver,226,,Oliver,250,,Caleb,219,,Matthew,246,,Luke,260,,Noah,249,,Jacob,242,,Cooper,236,,Mason,220,,Benjamin,208,,Daniel,205,,Charlie,186,,George,196,,Cooper,176,,Charlie,181,,Liam,166,,Theodore,169,,Theodore,157,,Thomas,166,,Thomas,151
,16,Bruce,380,,Murray,372,,Bruce,395,,Bruce,391,,Grant,392,,William,399,,Gregory,419,,William,406,,Craig,454,,Gregory,409,,Kevin,394,,Grant,366,,Grant,364,,Grant,387,,Dean,382,,Anthony,382,,Steven,380,,Shane,447,,Peter,394,,Simon,384,,Stephen,372,,Nicholas,333,,Robert,347,,Stephen,318,,Craig,291,,John,297,,Robert,314,,John,292,,Paul,309,,Samuel,307,,William,313,,Robert,312,,Robert,292,,Scott,293,,Scott,291,,Scott,270,,Jason,288,,Cameron,259,,William,307,,Luke,303,,William,279,,Luke,261,,Nathan,260,,Ryan,252,,Connor,255,,Michael,250,,Michael,270,,Connor,232,,Oliver,216,,Ryan,215,,Dylan,248,,Luke,206,,Noah,234,,Noah,260,,Ryan,238,,Noah,239,,Daniel,233,,Ethan,215,,Joshua,208,,Max,203,,Max,178,,Samuel,188,,Ryan,172,,Cooper,172,,Cooper,163,,Oscar,164,,Arlo,156,,Hudson,160,,James,150
,17,Murray,372,,Alan,371,,Anthony,382,,Wayne,369,,Alan,376,,Brian,377,,Wayne,417,,Gregory,402,,Gregory,406,,Grant,405,,Gregory,394,,Wayne,361,,Anthony,361,,Wayne,377,,Grant,379,,James,368,,Matthew,374,,Steven,393,,Simon,390,,Daniel,380,,Shane,355,,Steven,331,,John,342,,Robert,315,,Robert,288,,Robert,295,,John,304,,Robert,287,,Scott,292,,Aaron,295,,Mark,310,,Thomas,306,,Timothy,288,,Richard,289,,Robert,281,,William,269,,Scott,281,,Scott,246,,Cameron,280,,Jacob,269,,Luke,257,,William,258,,Connor,251,,Dylan,244,,Ryan,242,,William,250,,Jordan,266,,Luke,216,,Jordan,212,,Jayden,210,,Jayden,219,,Noah,197,,Caleb,217,,Riley,250,,Lucas,233,,Hunter,221,,Isaac,233,,Daniel,214,,Max,205,,Joshua,201,,Ryan,172,,Ryan,187,,Ethan,170,,Benjamin,164,,Elijah,162,,Ethan,162,,Mason,153,,Arlo,155,,Archie,146
,18,Graeme,366,,Anthony,368,,James,354,,Murray,363,,Brian,368,,Grant,376,,Andrew,400,,Craig,377,,Ian,394,,Ian,389,,Ian,365,,Shane,357,,James,358,,Anthony,375,,Steven,372,,Grant,358,,Simon,362,,James,382,,Shane,376,,Shane,371,,Simon,350,,Stephen,330,,Stephen,333,,Nicholas,310,,Scott,284,,Nathan,288,,Jonathan,292,,Aaron,283,,Samuel,291,,Paul,294,,Scott,284,,John,295,,Richard,286,,Mark,281,,Joseph,281,,Richard,261,,Jesse,269,,Luke,245,,Luke,278,,William,263,,Liam,247,,Andrew,243,,Luke,249,,Luke,230,,Caleb,227,,Ethan,228,,Ryan,220,,Logan,214,,Dylan,197,,Cameron,209,,Connor,214,,Connor,188,,Max,217,,Jayden,248,,Luke,227,,Max,212,,Max,229,,Max,214,,Thomas,199,,Ryan,199,,Thomas,169,,Alexander,183,,Benjamin,170,,Elijah,159,,Arlo,157,,Elijah,157,,Liam,152,,Lachlan,152,,Henry,144
,19,Wayne,336,,Wayne,364,,Gary,349,,Gary,363,,Bruce,368,,Gregory,362,,Grant,390,,Grant,373,,William,385,,James,380,,James,359,,Steven,344,,Darren,353,,James,373,,Jason,346,,Wayne,353,,Anthony,357,,Scott,348,,James,373,,Scott,363,,Scott,326,,Scott,325,,Shane,321,,Shane,292,,Nicholas,280,,Timothy,285,,Aaron,289,,Jonathan,274,,Adam,278,,Jonathan,284,,Adam,279,,Timothy,281,,Scott,279,,William,278,,Richard,278,,Adam,256,,Joseph,251,,Robert,244,,Ethan,249,,David,254,,Alexander,243,,Jack,241,,Cameron,238,,Nicholas,230,,Ethan,217,,Ryan,225,,Luke,219,,Ryan,210,,Logan,195,,Connor,197,,Luke,197,,Max,179,,Jayden,206,,Matthew,231,,Max,223,,Alexander,209,,Tyler,205,,Thomas,210,,Ryan,193,,Cooper,194,,Cooper,162,,Ethan,182,,Samuel,169,,Henry,154,,Oscar,149,,Lachlan,154,,Oscar,148,,Archie,147,,Lucas,140
,20,James,323,,James,351,,Graeme,336,,James,356,,Murray,359,,James,356,,James,374,,Steven,369,,Bruce,365,,Philip,347,,Shane,355,,Gregory,329,,Gregory,343,,Kevin,314,,Anthony,329,,Dean,338,,Grant,344,,Anthony,329,,Steven,327,,Peter,324,,Steven,319,,Shane,317,,Nicholas,321,,John,292,,Peter,277,,Simon,282,,Simon,280,,Peter,256,,Robert,274,,Scott,280,,Paul,274,,Scott,279,,William,260,,John,266,,William,275,,Cameron,253,,Jordan,249,,Joseph,232,,Alexander,248,,Joseph,245,,David,238,,Dylan,234,,Andrew,214,,Nathan,208,,Luke,214,,Luke,201,,Connor,211,,Michael,200,,Luke,194,,Logan,191,,Logan,190,,Alexander,176,,Logan,205,,Alexander,211,,Hunter,222,,Jayden,208,,Alexander,204,,Lachlan,189,,Charlie,183,,Blake,182,,Daniel,155,,Cooper,180,,Blake,167,,Joshua,153,,Benjamin,144,,Henry,149,,Hudson,140,,Arthur,144,,Hunter,138
,21,Gary,323,,Graeme,350,,Alan,329,,Alan,346,,Gary,358,,Andrew,353,,Bruce,373,,James,353,,Steven,361,,William,346,,Steven,348,,Kevin,322,,Steven,324,,Brett,271,,Gregory,313,,Simon,318,,Scott,327,,Grant,321,,Anthony,311,,Nicholas,316,,Peter,310,,Simon,309,,Steven,302,,Timothy,274,,Timothy,275,,Scott,280,,Shane,272,,Simon,252,,Simon,273,,Adam,279,,Robert,272,,William,272,,Simon,253,,Ryan,261,,Mark,271,,Aaron,249,,Timothy,248,,Jesse,232,,Timothy,229,,Alexander,238,,Nathan,233,,Alexander,226,,Alexander,214,,Alexander,206,,Nicholas,203,,Joseph,194,,Jayden,206,,Jordan,199,,Cameron,182,,Dylan,188,,Cameron,183,,Cameron,174,,Dylan,203,,Hunter,208,,Matthew,216,,Connor,199,,Riley,204,,Isaac,185,,Jayden,180,,Lachlan,180,,Jackson,154,,Carter,180,,Lachlan,165,,Lachlan,153,,Henry,143,,Max,145,,Archie,135,,Hunter,144,,Liam,136
,22,Anthony,317,,Gary,336,,Murray,312,,Graeme,322,,Graeme,348,,Gary,344,,Brian,367,,Bruce,353,,James,321,,Steven,341,,Philip,316,,Dean,319,,Kevin,306,,Tony,264,,Brent,308,,Gregory,313,,Wayne,323,,Simon,317,,Grant,292,,Steven,293,,Nicholas,306,,Peter,263,,Nathan,280,,Benjamin,271,,Shane,268,,Craig,260,,Luke,257,,Samuel,250,,Aaron,270,,Robert,270,,Thomas,270,,Joseph,256,,John,246,,Robert,259,,Ryan,267,,Joseph,248,,John,244,,Timothy,231,,Jesse,225,,Ethan,234,,Dylan,225,,Logan,221,,Christopher,213,,Andrew,201,,Nathan,189,,Nathan,194,,Nathan,203,,Jayden,195,,Blake,178,,Max,188,,Alexander,172,,Dylan,171,,Connor,188,,Dylan,207,,Lachlan,203,,Matthew,196,,Blake,203,,Riley,185,,Hunter,180,,Charlie,173,,Levi,153,,Jackson,175,,Carter,165,,Oscar,150,,Harry,140,,Hudson,144,,Benjamin,130,,Oscar,140,,Mason,130
,23,Graham,302,,Graham,316,,Graham,292,,Grant,290,,James,347,,Philip,338,,Steven,340,,Gary,329,,Gary,318,,Bruce,322,,William,312,,William,318,,Ian,303,,Gregory,260,,Simon,277,,Matthew,302,,Dean,310,,Wayne,298,,Nicholas,262,,Anthony,251,,Nathan,281,,Timothy,259,,Timothy,271,,Nathan,267,,Nathan,249,,Peter,255,,Nathan,252,,Shane,240,,Joshua,259,,Simon,260,,Jonathan,259,,Paul,248,,Aaron,244,,Simon,254,,Simon,255,,Ryan,242,,Jamie,232,,Nathan,231,,Nathan,224,,Nathan,231,,Joseph,219,,Christopher,215,,Joseph,210,,Tyler,195,,Jayden,187,,Nicholas,190,,Joseph,191,,Joseph,178,,Connor,176,,Michael,184,,Riley,170,,Logan,168,,Alexander,184,,Blake,205,,Alexander,201,,Cooper,190,,Lachlan,197,,Levi,183,,Leo,176,,Levi,162,,Leo,151,,Elijah,175,,Arlo,163,,Ethan,148,,Archie,138,,Cooper,143,,Luca,130,,Max,136,,Theo,124
,24,Philip,301,,Barry,290,,Grant,259,,Barry,289,,Gregory,330,,Alan,338,,Philip,328,,Murray,325,,Graeme,309,,Brian,305,,Bruce,282,,Ian,304,,William,271,,Ian,257,,William,262,,Timothy,269,,Aaron,269,,Gregory,288,,Gregory,257,,Grant,247,,Anthony,263,,Justin,253,,Justin,260,,Jeremy,260,,Stephen,228,,Samuel,241,,Craig,248,,Steven,234,,William,234,,William,236,,Simon,254,,Jonathan,245,,Ryan,239,,Luke,250,,Aaron,253,,John,242,,Robert,229,,Jason,224,,Aaron,221,,Jesse,226,,Jack,199,,Mitchell,212,,Caleb,208,,Joseph,195,,Alexander,187,,Jayden,186,,Nicholas,179,,Alexander,171,,Alexander,169,,Jordan,173,,Max,168,,Jayden,159,,Blake,180,,Max,198,,Dylan,198,,Tyler,185,,Luke,191,,Blake,181,,Tyler,171,,Leo,159,,Braxton,148,,Leo,173,,Jackson,157,,Alexander,147,,Max,134,,Alexander,140,,Carter,129,,Levi,133,,Ezra,123
,25,Barry,290,,Colin,274,,Colin,256,,Ross,273,,Steven,297,,Graeme,311,,Murray,327,,Graeme,323,,Brian,305,,Murray,298,,Dean,276,,Bruce,295,,Philip,264,,Darren,250,,Ian,262,,Scott,259,,Tony,259,,Dean,270,,Wayne,252,,Justin,234,,Justin,260,,Nathan,242,,Peter,250,,Steven,244,,Steven,226,,Jeremy,237,,Adam,226,,Luke,222,,Shane,234,,Luke,225,,Steven,250,,Aaron,239,,Joseph,235,,Paul,235,,Jonathan,229,,Jesse,229,,Luke,227,,Alexander,217,,Joseph,220,,Aaron,202,,Mitchell,198,,David,211,,Dylan,205,,Jayden,189,,Mitchell,184,,Alexander,179,,Alexander,177,,Max,167,,Michael,166,,Nathan,171,,Michael,153,,Nathan,158,,Riley,169,,Caleb,197,,Connor,184,,Blake,180,,Hunter,187,,Jayden,179,,Alexander,169,,Elijah,157,,George,144,,Lachlan,173,,Jacob,155,,Samuel,146,,Jackson,131,,Luca,136,,Finn,126,,Finn,128,,Max,123
,26,Colin,281,,Ross,265,,Barry,256,,Graham,273,,Ross,291,,Steven,310,,Graeme,317,,Philip,305,,Murray,302,,Gary,297,,Brent,261,,Philip,288,,Gary,255,,Brent,249,,Kevin,248,,Tony,251,,Gregory,250,,Brent,249,,Justin,252,,Dean,218,,Grant,255,,Anthony,227,,Benjamin,233,,Peter,219,,Jeremy,212,,Steven,223,,Samuel,220,,Nathan,221,,Nathan,224,,Thomas,222,,Jeremy,245,,Luke,238,,Jonathan,233,,Aaron,223,,John,224,,Mark,209,,Richard,217,,John,216,,Scott,215,,Timothy,199,,Hayden,198,,Joseph,209,,Jesse,198,,David,189,,Joseph,182,,Logan,167,,Oliver,172,,Jackson,162,,Nathan,163,,Joseph,158,,Joseph,151,,Jordan,154,,Charlie,164,,Lachlan,196,,Blake,182,,Isaac,179,,Charlie,185,,Luke,178,,George,166,,Jackson,156,,Elijah,142,,Joshua,168,,Henry,147,,Carter,145,,Alexander,131,,Jackson,134,,Hugo,126,,Hugo,127,,Levi,121
,27,Trevor,249,,Geoffrey,264,,Geoffrey,244,,Geoffrey,272,,Andrew,277,,Murray,308,,Ross,305,,Brian,301,,Philip,297,,Shane,286,,Murray,258,,Brett,257,,Simon,240,,William,242,,Brett,245,,Nigel,246,,Nicholas,236,,Nicholas,245,,Timothy,232,,Wayne,215,,Timothy,239,,Jonathan,211,,Jonathan,224,,William,200,,Jonathan,201,,Stephen,213,,Stephen,212,,Joshua,220,,Luke,223,,Steven,214,,Aaron,240,,Simon,222,,Paul,227,,Joseph,215,,Hayden,223,,Luke,207,,Aaron,217,,Ethan,215,,Jonathan,215,,Mitchell,198,,Aaron,196,,Jesse,203,,Mitchell,197,,Caleb,188,,Logan,170,,Hamish,160,,Callum,164,,Nathan,156,,Max,149,,Alexander,156,,Alex,147,,Joseph,146,,Nathan,164,,Logan,185,,Tyler,172,,Dylan,177,,Connor,177,,Charlie,176,,Jackson,166,,Jayden,155,,Lachlan,139,,Blake,156,,Elijah,147,,Jacob,143,,Carter,131,,Jacob,131,,Max,126,,Ethan,124,,Cooper,120
,28,Kenneth,248,,Raymond,252,,Andrew,240,,Philip,268,,Philip,268,,Ross,295,,Alan,295,,Alan,294,,Ross,274,,Brent,284,,Brian,256,,Brian,250,,Tony,231,,Jason,237,,Timothy,235,,Darren,244,,Nigel,232,,Glenn,242,,Daniel,225,,William,215,,Glenn,230,,Benjamin,211,,Anthony,212,,Anthony,193,,Joseph,199,,Joshua,196,,Steven,210,,Craig,219,,Steven,219,,Jeremy,212,,Joseph,231,,Ryan,221,,Nathan,209,,Jonathan,214,,Luke,215,,Simon,202,,Mark,216,,Jonathan,214,,Robert,214,,Hayden,197,,Jesse,194,,Sean,185,,David,197,,Ethan,185,,Bradley,166,,Tyler,156,,Logan,151,,Oliver,154,,Joseph,147,,Blake,144,,Isaac,144,,George,144,,Tyler,160,,Connor,179,,Caleb,167,,Lachlan,171,,Caleb,174,,Alexander,174,,Braxton,161,,Alexander,155,,Isaac,139,,Daniel,154,,Joshua,145,,Jackson,139,,Harrison,128,,Carter,129,,Levi,125,,Asher,122,,Carter,114
,29,Ross,240,,Kenneth,249,,Kenneth,237,,Colin,267,,Colin,267,,Colin,280,,Gary,271,,Ross,287,,Alan,273,,Dean,262,,Alan,246,,Gary,239,,Timothy,222,,Gary,236,,Nigel,230,,William,238,,Philip,227,,Tony,239,,William,217,,Gregory,210,,Dean,225,,Glen,202,,Glen,194,,Jonathan,190,,Jamie,178,,William,191,,Jeremy,208,,Adam,206,,Stephen,216,,Nathan,204,,Nathan,230,,Hayden,210,,Steven,197,,Peter,212,,Alexander,202,,Nathan,202,,Jonathan,211,,Aaron,210,,John,213,,Sean,196,,Timothy,191,,Connor,185,,Logan,185,,Mitchell,184,,David,161,,Callum,154,,David,150,,Nicholas,149,,George,146,,Lachlan,138,,Nathan,141,,Riley,144,,George,154,,Tyler,176,,Charlie,160,,Luke,171,,Xavier,174,,Tyler,168,,Elijah,160,,Braxton,147,,Joshua,138,,Henry,153,,Connor,145,,Finn,134,,Jacob,126,,Benjamin,127,,Ethan,124,,Henry,118,,Hugo,112
,30,Grant,234,,Philip,246,,Neil,236,,Gregory,254,,Graham,265,,Geoffrey,262,,Colin,249,,Graham,262,,Dean,268,,Alan,256,,Graeme,239,,Brent,238,,Brett,221,,Philip,234,,Tony,227,,Philip,234,,Timothy,223,,William,230,,Tony,215,,Glenn,205,,Tony,222,,William,190,,Hamish,185,,Justin,188,,William,174,,Luke,190,,Jamie,199,,William,205,,Gareth,208,,Stephen,203,,Luke,226,,Nathan,207,,Peter,195,,Steven,209,,Peter,196,,Jonathan,200,,Anthony,203,,Dylan,197,,Adam,203,,John,190,,Jonathan,188,,Jayden,183,,Tyler,180,,Christopher,175,,Callum,160,,Bailey,153,,George,149,,Isaac,135,,Jackson,142,,Nicholas,132,,Blake,137,,Blake,139,,Joseph,154,,Joseph,172,,George,155,,Logan,164,,Dylan,172,,George,156,,Lachlan,160,,Riley,144,,Oscar,136,,Isaac,147,,Daniel,142,,Isaac,128,,Samuel,121,,Levi,125,,Henry,123,,Cooper,117,,Lachlan,110
,31,Geoffrey,223,,Trevor,241,,Gregory,236,,Trevor,243,,Geoffrey,253,,Barry,252,,Graham,239,,Brent,256,,Shane,258,,Graeme,255,,Gary,237,,Timothy,231,,Bruce,221,,Simon,212,,Philip,227,,Brent,234,,Brent,223,,Darren,229,,Darren,214,,Brendon,200,,Jonathan,206,,Darren,187,,Gregory,184,,Jamie,182,,Samuel,173,,Adam,187,,Peter,191,,Stephen,203,,Peter,205,,Craig,193,,Stephen,211,,Steven,198,,Anthony,193,,Hayden,207,,Nathan,189,,Shane,198,,Adam,201,,Jamie,195,,Jacob,196,,Adam,182,,Ethan,177,,Ethan,180,,Sean,176,,Logan,170,,Hamish,158,,Sean,152,,Isaac,145,,David,133,,Tyler,133,,Harrison,130,,George,137,,Michael,138,,Lucas,149,,Cameron,167,,Joseph,150,,Caleb,159,,Jayden,164,,Connor,156,,Isaac,157,,Luke,144,,Henry,136,,Eli,144,,Alexander,142,,Daniel,128,,Isaac,121,,Archie,123,,Arthur,119,,Carter,114,,Asher,109
,32,Raymond,214,,Neil,227,,Philip,235,,Kenneth,233,,Allan,243,,Graham,238,,Barry,229,,Geoffrey,248,,Brent,258,,Ross,246,,Simon,231,,Tony,220,,Brent,218,,Nigel,210,,Matthew,220,,Brett,221,,Glenn,220,,Nigel,213,,Brent,214,,Jonathan,195,,Gregory,202,,Dean,184,,Jeremy,182,,Hayden,181,,Ryan,158,,Joseph,182,,Joshua,185,,Jeremy,197,,Craig,204,,Ryan,192,,Ryan,211,,Shane,183,,Luke,191,,Jeremy,197,,Paul,188,,Jacob,198,,Nathan,200,,Adam,194,,Sean,183,,Scott,180,,John,172,,Hayden,177,,Ethan,173,,Jesse,168,,Andrew,155,,Mitchell,149,,Hamish,144,,Harrison,128,,Harrison,130,,Isaac,129,,Jordan,137,,Harrison,133,,Lachlan,148,,George,161,,Cooper,149,,Joseph,152,,Mason,162,,Xavier,154,,Levi,154,,Isaac,143,,Blake,135,,Oscar,141,,Levi,117,,Theodore,126,,Finn,121,,Finn,121,,Alexander,112,,Ezra,110,,Beau,108
,33,Keith,214,,Grant,220,,Ross,232,,Andrew,225,,Barry,241,,Allan,237,,Geoffrey,223,,Colin,244,,Colin,227,,Tony,231,,Brett,222,,Simon,213,,Brian,206,,Timothy,200,,Brian,212,,Ian,213,,William,214,,Timothy,200,,Glenn,210,,Karl,195,,Brendon,201,,Jeremy,172,,William,176,,Samuel,165,,Adam,151,,Jonathan,182,,Gareth,182,,Jamie,195,,Ryan,193,,Joseph,191,,Peter,198,,Jeremy,181,,Jeremy,189,,Shane,183,,Bradley,182,,Anthony,197,,Hamish,194,,Jacob,192,,Hayden,182,,Jonathan,177,,Sean,170,,Jonathan,172,,Jayden,170,,Hayden,168,,Christopher,149,,Bradley,147,,Andrew,143,,Mitchell,123,,Nicholas,128,,Riley,129,,Lachlan,134,,Tyler,128,,Harrison,147,,Charlie,157,,Nathan,143,,Charlie,151,,Levi,162,,Jackson,152,,Connor,154,,Tyler,138,,Jayden,126,,Joseph,137,,Luke,117,,Luke,119,,Hudson,118,,Harrison,121,,Harrison,110,,Lincoln,107,,Finn,104
,34,Allan,209,,Donald,212,,Steven,216,,Neil,218,,Keith,225,,Kenneth,225,,Neil,219,,Barry,234,,Neil,223,,Martin,227,,Stuart,209,,Stuart,208,,Murray,199,,Alan,198,,Glenn,211,,Gary,209,,Darren,209,,Justin,195,,Glen,209,,Timothy,192,,William,198,,Gregory,170,,Jamie,174,,Joseph,163,,Anthony,148,,Gareth,180,,William,179,,Thomas,188,,Thomas,191,,Shane,190,,Hayden,197,,Anthony,176,,Hayden,170,,Nathan,182,,Shaun,180,,Alexander,194,,Simon,184,,Simon,185,,Brandon,174,,Jason,177,,Jamie,168,,Bradley,162,,Hamish,165,,Sean,166,,Sean,143,,Oliver,145,,Jackson,138,,Tyler,118,,Adam,119,,George,128,,Tyler,134,,Alex,125,,Cameron,143,,Nathan,143,,Logan,139,,Xavier,147,,Matthew,156,,Elijah,151,,Riley,144,,Oscar,138,,Carter,125,,Braxton,129,,Finn,117,,Harrison,118,,Luca,116,,Joshua,119,,Eli,107,,Felix,106,,Archer,103
,35,Donald,198,,Gregory,208,,Allan,207,,Allan,216,,Kenneth,225,,Neil,224,,Martin,217,,Martin,229,,Barry,221,,Timothy,223,,Tony,206,,Murray,208,,Phillip,198,,Brian,193,,Gary,208,,Glenn,204,,Jonathan,208,,Brendon,195,,Brendon,202,,Jeremy,192,,Jeremy,194,,Karl,169,,Karl,168,,Nigel,155,,Hayden,147,,Anthony,179,,Joseph,171,,Hayden,185,,Shaun,181,,Peter,186,,Shane,195,,Jamie,174,,Cameron,164,,Alexander,174,,Steven,178,,Paul,191,,Sean,184,,Richard,185,,Jason,165,,Liam,175,,Scott,158,,John,160,,John,164,,Callum,153,,George,142,,Christopher,133,,Mitchell,131,,George,117,,Lachlan,118,,Tyler,126,,Levi,128,,Isaac,118,,Jordan,142,,Alex,142,,Alex,135,,George,146,,Logan,153,,Eli,141,,Xavier,136,,George,137,,Luke,121,,Luca,128,,Isaac,116,,Harry,116,,Lincoln,116,,Arthur,118,,Theo,101,,Alexander,105,,Felix,103
,36,Ronald,196,,Steven,200,,Donald,200,,Steven,215,,Trevor,210,,Trevor,211,,Trevor,214,,Dean,222,,Geoffrey,220,,Warren,218,,Ross,205,,Martin,205,,Nigel,189,,Bruce,189,,Scott,207,,Kevin,203,,Kevin,206,,Stuart,194,,Philip,195,,Brent,191,,Wayne,193,,Glenn,168,,Brendon,168,,Karl,155,,Shaun,146,,Thomas,170,,Ryan,169,,Shaun,176,,Joseph,181,,Shaun,171,,Craig,183,,Peter,172,,Shane,153,,Hamish,172,,Anthony,176,,Peter,189,,Hayden,183,,Mark,175,,Jamie,160,,Robert,171,,Bradley,157,,Timothy,158,,Robert,157,,Bradley,153,,Isaac,141,,Andrew,131,,Lachlan,129,,Finn,113,,Mitchell,109,,Bailey,122,,Noah,128,,Hunter,113,,Isaac,134,,Finn,142,,Cameron,133,,Levi,143,,Joseph,147,,Leo,139,,Matthew,135,,Henry,130,,Harry,121,,Luke,128,,Archie,116,,Blake,116,,Theodore,115,,Isaac,117,,Jacob,100,,Archer,105,,Benjamin,100
,37,Roger,191,,Allan,199,,Trevor,196,,Donald,202,,Donald,203,,Russell,209,,Kenneth,210,,Neil,216,,Graham,215,,Neil,212,,Phillip,204,,Ross,201,,Martin,180,,Matthew,187,,Darren,197,,Brendon,194,,Phillip,192,,Kevin,192,,Nigel,193,,Tony,182,,Glen,191,,Tony,167,,Brent,168,,Glen,146,,Hamish,146,,Jamie,168,,Hayden,167,,Anthony,170,,Hayden,173,,Hayden,166,,Anthony,156,,Mathew,158,,Stephen,150,,Cameron,169,,Cameron,175,,Hayden,175,,Jacob,179,,Hayden,173,,Richard,155,,Jack,163,,Callum,151,,Tyler,157,,Jonathan,157,,Timothy,150,,Jesse,138,,David,129,,Harrison,128,,Callum,112,,Hamish,108,,Adam,119,,Harry,126,,Cody,108,,Michael,130,,Isaac,137,,Michael,132,,Jackson,137,,George,142,,Logan,139,,Harry,135,,Nathan,130,,Matthew,116,,Finn,124,,Eli,116,,Levi,115,,Archer,115,,Samuel,116,,Joshua,100,,Beau,105,,Luka,100
,38,Steven,190,,Garry,196,,Raymond,187,,Garry,197,,Neil,198,,Donald,209,,Allan,203,,Russell,214,,Stuart,212,,Colin,210,,Martin,201,,Alan,190,,Stuart,177,,Stuart,186,,Sean,193,,Nicholas,191,,Brendon,191,,Philip,184,,Dean,193,,Nathan,177,,Brent,181,,Brent,163,,Wayne,165,,Tony,144,,Phillip,141,,Ryan,166,,Anthony,163,,Joseph,164,,Jeremy,173,,Gareth,145,,Shaun,145,,Cameron,157,,Bradley,149,,Anthony,160,,Jesse,172,,Jordan,171,,Dylan,178,,Sean,170,,Hamish,155,,Jamie,154,,Tyler,150,,Aaron,156,,Bradley,153,,John,147,,Bailey,134,,Jesse,129,,Blake,127,,Lachlan,111,,Ben,105,,Alex,118,,Jackson,125,,Lachlan,108,,Alex,129,,Harrison,134,,Harrison,131,,Nathan,130,,Nathan,136,,Caleb,138,,Luke,134,,Caleb,130,,Connor,116,,Riley,122,,Luca,114,,Archie,115,,Joshua,114,,Harry,115,,Luke,99,,Harrison,105,,Jasper,94
,39,Gregory,190,,Roger,194,,Stuart,175,,Keith,196,,Raymond,195,,Craig,200,,Raymond,199,,Trevor,204,,Timothy,203,,Glenn,209,,Graham,196,,Colin,189,,Ross,172,,Martin,186,,Phillip,190,,Brian,191,,Ian,182,,Brett,182,,Jonathan,189,,Hamish,173,,Darren,171,,Grant,162,,Joseph,164,,Ryan,144,,Gregory,138,,Hayden,162,,Thomas,160,,Ryan,160,,Anthony,158,,Cameron,143,,Jamie,145,,Stephen,154,,Craig,140,,Jamie,158,,Shane,168,,Hamish,167,,Alexander,176,,Anthony,169,,Liam,153,,Hamish,148,,Peter,149,,Cody,150,,Adam,153,,Hamish,142,,Tyler,133,,Isaac,127,,Max,126,,Hamish,110,,Callum,102,,Noah,118,,Nicholas,124,,Levi,105,,Finn,121,,Michael,134,,Isaac,123,,Michael,121,,Cameron,132,,Dylan,136,,Eli,129,,Eli,123,,Luca,111,,Jayden,122,,Oscar,114,,Eli,109,,Hugo,111,,Beau,110,,Harry,97,,Eli,104,,Luke,92
,40,Neil,181,,Andrew,192,,Keith,170,,Raymond,189,,Garry,184,,Keith,199,,Russell,197,,Simon,197,,Martin,203,,Graham,209,,Timothy,195,,Graeme,182,,Matthew,171,,Warren,177,,Nicholas,183,,Phillip,186,,Brett,180,,Jonathan,179,,Brett,172,,Kevin,170,,Benjamin,166,,Wayne,157,,Dean,155,,Phillip,144,,Brendon,133,,Hamish,158,,Shaun,138,,Phillip,142,,Jamie,152,,Jamie,139,,Mathew,140,,Craig,142,,Phillip,138,,Bradley,158,,Hamish,167,,Steven,161,,Peter,167,,Hamish,160,,Anthony,148,,Bradley,148,,Logan,147,,Jamie,148,,Callum,151,,Isaac,133,,Oliver,133,,John,127,,Tyler,126,,John,109,,David,102,,Jackson,110,,Cody,120,,Joel,103,,Oscar,118,,Harry,131,,Jackson,120,,Oscar,121,,Oscar,125,,Matthew,131,,Caleb,129,,Harry,123,,Eli,111,,Beau,122,,Harrison,111,,Ryan,108,,Blake,111,,Hugo,110,,Beau,96,,Jackson,104,,Harry,91
,41,Andrew,180,,Keith,182,,Roger,169,,Thomas,179,,Martin,180,,Martin,196,,Phillip,197,,Phillip,193,,Simon,201,,Brett,209,,Colin,193,,Phillip,172,,Alan,171,,Murray,171,,Bruce,183,,Jonathan,180,,Glen,177,,Daniel,177,,Karl,170,,Adam,168,,Shaun,162,,Hamish,155,,Tony,153,,Hamish,142,,Justin,131,,Blair,147,,Phillip,133,,Carl,142,,Cameron,148,,Anthony,137,,Bradley,139,,Jared,139,,Alexander,135,,Stephen,154,,Stephen,156,,Sean,160,,Shaun,157,,Peter,158,,Mitchell,140,,Richard,147,,Jason,134,,Callum,146,,Timothy,146,,Brandon,131,,Harrison,128,,George,123,,Jesse,124,,Adam,107,,Isaac,102,,Hamish,106,,Ashton,117,,Jackson,101,,Jackson,117,,Ashton,128,,Toby,116,,Harry,119,,Harry,123,,Harry,128,,Nathan,126,,Carter,121,,Harrison,110,,Harry,118,,Austin,109,,Riley,107,,Levi,110,,Lincoln,104,,Daniel,92,,Louis,97,,Ethan,88
,42,Warren,179,,Ronald,168,,Garry,167,,Stuart,176,,Stuart,173,,Raymond,190,,Timothy,193,,Kenneth,190,,Nigel,190,,Simon,206,,Glenn,185,,Nigel,170,,Warren,161,,Rodney,167,,Alan,177,,Martin,178,,Stuart,165,,Ian,176,,Kevin,166,,Darren,168,,Nigel,161,,Brendon,155,,Nigel,153,,Wayne,141,,Philip,127,,Justin,141,,Cameron,129,,Justin,140,,Mathew,136,,Bradley,135,,Karl,138,,Bradley,131,,Mathew,134,,Shaun,153,,Jeremy,148,,Shaun,149,,Steven,151,,Cody,157,,Simon,139,,Anthony,144,,Shaun,132,,Robert,145,,Hayden,141,,Robert,128,,Timothy,122,,Harrison,116,,Bailey,122,,Harry,105,,Cody,101,,Andrew,105,,Ben,114,,Finn,100,,Hunter,108,,Cooper,126,,Jordan,114,,Harrison,118,,Leo,121,,Luca,125,,Oscar,124,,Joseph,119,,Riley,100,,Harrison,117,,Riley,106,,Lincoln,105,,Ryan,105,,Ryan,104,,Caleb,91,,Theo,96,,Alexander,87
,43,Garry,177,,Warren,161,,Russell,165,,Phillip,173,,Thomas,172,,Phillip,189,,Thomas,180,,Allan,190,,Phillip,188,,Phillip,201,,Barry,181,,Warren,167,,Glenn,153,,Glenn,160,,Stuart,169,,Daniel,178,,Martin,164,,Jeremy,170,,Gavin,157,,Nigel,164,,Karl,153,,Shaun,151,,Hayden,153,,Grant,140,,Karl,125,,Shaun,139,,Karl,128,,Jared,140,,Jared,136,,Lance,126,,Phillip,130,,Shaun,127,,Hamish,133,,Jordan,144,,Jacob,147,,Jamie,148,,Jeremy,149,,Liam,156,,Bradley,139,,Connor,141,,Jayden,131,,Taylor,143,,George,138,,George,127,,Taylor,119,,Jackson,116,,Cody,121,,Lucas,102,,Andrew,100,,Hunter,105,,Lucas,111,,Harry,100,,Cody,105,,Jordan,120,,Xavier,114,,Toby,118,,Jackson,120,,Finn,122,,Carter,124,,Connor,116,,Joseph,98,,Levi,115,,Nathan,105,,Logan,101,,Eli,105,,Caleb,101,,Felix,89,,Benjamin,95,,Roman,87
,44,Russell,170,,Thomas,153,,Thomas,158,,Roger,164,,Simon,170,,Timothy,188,,Warren,176,,Raymond,185,,Brett,188,,Geoffrey,200,,Nigel,172,,Glenn,164,,Geoffrey,148,,Graeme,158,,Martin,167,,Bruce,176,,Karl,163,,Glen,169,,Jeremy,155,,Phillip,159,,Adam,153,,Phillip,144,,Adam,149,,Shaun,138,,Dean,120,,Phillip,132,,Philip,126,,Gareth,138,,Blair,133,,Justin,124,,Cameron,129,,Hamish,123,,Shaun,131,,Phillip,137,,Jamie,138,,Bradley,147,,Shane,146,,Steven,146,,Steven,138,,Logan,129,,Anthony,130,,Scott,142,,Cody,137,,Cody,126,,Adam,118,,Hayden,108,,Christopher,113,,Hayden,100,,Bailey,99,,Reuben,105,,Harrison,110,,Jake,100,,Harry,102,,Jackson,119,,Levi,113,,Alex,112,,Finn,118,,Joseph,120,,Dylan,117,,Harrison,116,,Caleb,97,,Lincoln,113,,Matthew,103,,Luca,98,,Connor,104,,Theo,101,,Jackson,89,,Nikau,93,,Grayson,85
,45,Thomas,168,,Russell,153,,Malcolm,157,,Timothy,159,,Roger,168,,Stuart,183,,Tony,174,,Keith,185,,Tony,183,,Barry,191,,Neil,167,,Trevor,163,,Thomas,147,,Patrick,156,,Shaun,166,,Aaron,165,,Brian,161,,Phillip,162,,Nathan,153,,Shaun,157,,Stuart,149,,Thomas,142,,Glenn,148,,Mathew,138,,Mathew,117,,Karl,132,,Justin,124,,Bradley,136,,Hamish,128,,Carl,124,,Alexander,121,,Phillip,121,,Jamie,128,,Craig,129,,Sean,134,,Jeremy,138,,Liam,146,,Shaun,141,,George,138,,George,128,,Adam,129,,Adam,138,,Taylor,130,,Oliver,121,,Hayden,114,,Max,104,,Bradley,112,,Zachary,100,,Jake,99,,Callum,104,,Hamish,106,,Zachary,99,,Levi,101,,Jake,119,,Harry,112,,Jake,102,,Harrison,115,,Nathan,119,,Joseph,117,,Finn,104,,Toby,94,,Connor,113,,Harry,102,,Austin,98,,Luke,103,,Eli,100,,Asher,88,,Isaac,87,,Harrison,85
,46,Dennis,165,,Dennis,151,,Patrick,150,,Martin,157,,Russell,166,,Brent,175,,Donald,173,,Warren,177,,Allan,183,,Nigel,188,,Warren,165,,Barry,160,,Colin,145,,Sean,154,,Ross,165,,Warren,159,,Daniel,161,,Blair,162,,Phillip,143,,Philip,157,,Phillip,146,,Stuart,141,,Shaun,142,,Brendon,136,,Glen,117,,Gregory,131,,Jared,123,,Karl,129,,Karl,126,,Blair,124,,Hamish,118,,Karl,120,,Kyle,114,,Jacob,123,,Mathew,134,,Dylan,128,,Bradley,134,,Logan,131,,Jack,138,,Shaun,127,,Connor,128,,Hamish,135,,Aaron,129,,Aaron,121,,John,112,,Lachlan,101,,Adam,104,,Cody,97,,Henry,98,,Elijah,104,,John,106,,David,98,,Adam,100,,Levi,112,,Jake,112,,Jesse,102,,Jake,114,,Jake,119,,Logan,112,,Toby,102,,Ryder,94,,Archie,112,,Lincoln,100,,Archer,97,,Theo,101,,Asher,99,,Ezra,88,,Joseph,87,,Jackson,83
,47,Phillip,160,,Stuart,145,,Phillip,149,,Ronald,154,,Timothy,163,,Warren,174,,Brent,172,,Shane,173,,Trevor,178,,Trevor,180,,Kenneth,163,,Graham,158,,Rodney,143,,Phillip,152,,Graeme,162,,Karl,154,,Bruce,154,,Sean,159,,Stuart,139,,Stuart,153,,Philip,145,,Nigel,139,,Phillip,142,,Thomas,135,,Tony,115,,Carl,125,,Brendon,123,,Cameron,126,,Bradley,126,,Phillip,119,,Jared,115,,Blair,109,,Dylan,110,,Dylan,123,,Dylan,127,,Stephen,122,,Ethan,132,,Patrick,131,,Logan,130,,Jared,126,,Robert,126,,Jason,131,,Isaac,128,,Scott,120,,Scott,111,,Adam,100,,Hayden,104,,Levi,96,,John,98,,Cody,101,,Bailey,103,,John,97,,Flynn,100,,Oscar,111,,Ashton,111,,Cameron,102,,Michael,112,,Oscar,116,,Finn,108,,Jaxon,101,,Tyler,93,,Jaxon,105,,Joseph,100,,Hugo,96,,Jaxon,101,,Felix,99,,Jasper,88,,Joshua,86,,Lincoln,83
,48,Stuart,152,,Timothy,141,,Jeffrey,145,,Warren,153,,Craig,163,,Thomas,171,,Roger,171,,Donald,169,,Warren,178,,Stuart,177,,Geoffrey,158,,Neil,151,,Russell,142,,Geoffrey,152,,Aaron,160,,Sean,152,,Gary,152,,Karl,158,,Hamish,135,,Gavin,149,,Hamish,145,,Joseph,139,,Samuel,139,,Philip,135,,Cameron,115,,Brendon,121,,Hamish,121,,Mathew,125,,Phillip,120,,Karl,118,,Gareth,105,,Joel,103,,Karl,109,,Kieran,122,,Jordan,122,,Kyle,122,,Paul,124,,Corey,131,,Shaun,129,,Tyler,125,,Caleb,126,,Shaun,129,,Scott,127,,Harrison,118,,Jonathan,107,,Alex,98,,Jamie,104,,Andrew,95,,Alex,96,,John,99,,Flynn,101,,Flynn,93,,Nicholas,99,,Toby,110,,Finn,108,,Leo,99,,Alex,105,,Alex,114,,Harrison,106,,Flynn,100,,Flynn,90,,Tyler,104,,Beau,100,,Xavier,95,,Daniel,100,,Daniel,96,,Ryan,86,,Blake,85,,Samuel,83
,49,Douglas,151,,Malcolm,139,,Douglas,144,,Russell,153,,Patrick,159,,Roger,163,,Stuart,169,,Stuart,168,,Kenneth,171,,Raymond,176,,Jeffrey,157,,Raymond,148,,Raymond,140,,Ross,150,,Colin,159,,Alan,146,,Sean,150,,Hamish,144,,Carl,131,,Carl,140,,Carl,140,,Adam,138,,Mathew,139,,Carl,130,,Thomas,113,,Tony,118,,Bradley,113,,Brendon,123,,Justin,107,,Hamish,118,,Lance,104,,Dylan,103,,Kieran,99,,Mathew,115,,Karl,118,,Mathew,120,,Sam,121,,Stephen,129,,Mark,128,,Peter,125,,Hamish,124,,Oliver,125,,Jamie,123,,Jake,118,,Cody,106,,Jonathan,96,,Levi,103,,Bailey,95,,Reuben,93,,David,98,,Finn,99,,Sam,93,,Jake,96,,Henry,108,,Jesse,106,,Ashton,95,,Zachary,104,,Cameron,109,,Henry,106,,Logan,99,,Xavier,88,,Toby,103,,Tyler,99,,Theo,95,,Beau,100,,Luke,96,,Archer,84,,Daniel,82,,Jacob,82
,50,George,148,,Douglas,132,,Martin,141,,Patrick,150,,Phillip,158,,Garry,157,,Simon,167,,Tony,167,,Russell,167,,Thomas,175,,Allan,156,,Roger,146,,Jeffrey,139,,Neil,145,,Murray,158,,Geoffrey,144,,Geoffrey,144,,Martin,141,,Adam,129,,Joseph,138,,Dion,136,,Blair,137,,Carl,132,,Gregory,129,,Nigel,111,,Brent,118,,Carl,109,,Hamish,118,,Philip,101,,Mathew,112,,Patrick,95,,Kyle,102,,Caleb,99,,Kyle,112,,Jared,115,,Jared,108,,Stephen,117,,Paul,128,,Peter,118,,Mark,123,,Richard,122,,Kieran,123,,Oliver,119,,Jonathan,116,,Patrick,100,,Robert,95,,John,98,,Christopher,94,,Hayden,92,,Harry,98,,Charlie,98,,Andrew,91,,Joel,96,,Flynn,105,,Oscar,102,,Finn,94,,Luca,102,,Aiden,106,,Jake,103,,Dylan,94,,Jaxon,85,,Dylan,102,,Logan,99,,Caleb,95,,Riley,99,,Logan,95,,Samuel,84,,Samuel,82,,Louie,82
,51,Robin,141,,Edward,131,,Gordon,136,,Craig,142,,Brent,153,,Jeffrey,154,,Keith,161,,Timothy,165,,Keith,164,,Allan,174,,Malcolm,155,,Jeffrey,142,,Graeme,136,,Colin,144,,Rodney,155,,Stuart,143,,Warren,142,,Geoffrey,141,,Geoffrey,128,,Glen,136,,Blair,136,,Philip,135,,Ryan,125,,Adam,129,,Joshua,111,,Cameron,117,,Tony,107,,Gregory,114,,Gregory,100,,Brett,100,,Gregory,93,,Gareth,101,,Patrick,97,,Patrick,111,,Blair,110,,Craig,107,,Patrick,115,,Jared,128,,Patrick,118,,Steven,119,,Joel,122,,Jake,119,,Jake,113,,Zachary,114,,Jake,99,,Timothy,95,,Reuben,95,,Reuben,89,,Joel,91,,Ben,95,,David,97,,Seth,91,,Toby,94,,Luca,102,,Elijah,100,,Jordan,89,,Toby,99,,Harrison,105,,Ryder,99,,Xavier,90,,Dylan,85,,Caleb,101,,Michael,99,,Joseph,93,,Logan,94,,Archer,93,,Isaac,82,,Grayson,81,,Riley,79
,52,Leslie,141,,Phillip,128,,Warren,135,,Brent,136,,Warren,149,,Patrick,151,,Nigel,159,,Thomas,164,,Thomas,161,,Russell,166,,Patrick,155,,Allan,141,,Graham,136,,Scott,143,,Geoffrey,155,,Neil,141,,Thomas,140,,Gavin,140,,Brian,128,,Dion,136,,Joseph,128,,Hayden,134,,Blair,124,,Dean,126,,Brent,111,,Jared,116,,Gregory,107,,Blair,113,,Brendon,99,,Jared,96,,George,92,,Alexander,101,,Justin,95,,Joel,110,,Craig,108,,Patrick,102,,George,115,,Bradley,128,,Sam,117,,Caleb,116,,Mark,121,,Joel,118,,Patrick,105,,Adam,105,,Jamie,98,,Zachary,95,,Sean,93,,Blake,88,,Lucas,89,,Finn,94,,Hunter,97,,Nicholas,90,,Jesse,92,,Cody,101,,Leo,99,,Luca,87,,Elijah,98,,Henry,103,,Toby,99,,Jake,89,,Nathan,83,,Nathan,97,,Felix,97,,Aiden,93,,Sebastian,93,,Ezra,92,,Louis,82,,Caleb,80,,Daniel,77
,53,Malcolm,140,,Robin,127,,George,134,,Douglas,135,,Tony,149,,Tony,149,,Garry,157,,Malcolm,163,,Raymond,161,,Roger,157,,Thomas,153,,Thomas,140,,Trevor,134,,Thomas,143,,Warren,154,,Colin,138,,Alan,140,,Gary,139,,Ian,127,,Brian,135,,Kevin,128,,Kevin,132,,Grant,123,,Brent,121,,Wayne,106,,Mathew,112,,Mathew,105,,Philip,108,,Brendan,99,,Tony,95,,Carl,92,,Lance,100,,Jared,92,,Jesse,109,,Joel,105,,Ashley,102,,Logan,112,,Shane,126,,Paul,111,,Patrick,113,,Patrick,120,,Peter,117,,Harrison,100,,Patrick,104,,Robert,97,,Ben,94,,Zachary,93,,Henry,88,,Jamie,87,,Jake,94,,Adam,96,,Jesse,88,,Callum,91,,David,100,,Cody,98,,Jamie,84,,Angus,95,,Carter,103,,Michael,93,,Matthew,87,,Archie,82,,Flynn,97,,Toby,95,,Jordan,91,,Braxton,91,,Riley,90,,Riley,80,,Jasper,79,,Isaac,77
,54,Gordon,134,,Martin,124,,Ronald,132,,Malcolm,132,,Robin,143,,Simon,143,,Jeffrey,141,,Nigel,159,,Patrick,150,,Kenneth,155,,Trevor,144,,Geoffrey,140,,Gavin,134,,Graham,133,,Gavin,147,,Adrian,135,,Justin,133,,Carl,139,,Joseph,125,,Brett,134,,Thomas,120,,Gavin,124,,Thomas,121,,Shannon,116,,Grant,105,,Grant,110,,Brent,104,,Tony,105,,Carl,93,,Alexander,95,,Brett,91,,Tony,98,,Joel,92,,Ashley,109,,Ashley,105,,Liam,101,,Joel,108,,Mitchell,123,,Jared,108,,Simon,112,,Oliver,118,,George,114,,Zachary,99,,Taylor,102,,Brandon,97,,Jake,94,,Finn,89,,Aidan,87,,Christopher,86,,Lucas,94,,Xavier,96,,Lucas,87,,Xavier,91,,Mason,100,,John,98,,Mason,84,,Kingston,94,,Michael,98,,Austin,87,,Luca,86,,Logan,80,,Ryder,96,,Hugo,95,,Connor,90,,Asher,89,,Joseph,90,,Lincoln,78,,Luka,79,,Eli,76
,55,Edward,133,,Gavin,122,,Craig,129,,Robin,130,,Malcolm,135,,Douglas,142,,Douglas,140,,Jeffrey,155,,Kerry,149,,Donald,151,,Raymond,142,,Kenneth,136,,Sean,133,,Kenneth,132,,Patrick,143,,Carl,134,,Carl,130,,Bruce,135,,Bruce,125,,Adrian,133,,Mathew,116,,Carl,124,,Darren,120,,Glenn,112,,Blair,105,,Dean,108,,Blair,101,,Brent,92,,Stuart,91,,Stuart,94,,Philip,90,,Jacob,98,,Blair,91,,Karl,105,,Patrick,102,,Corey,101,,Corey,107,,Sam,123,,Caleb,107,,Troy,111,,Isaac,117,,Patrick,112,,Henry,98,,Kyle,102,,Max,96,,Aaron,93,,Patrick,89,,Ben,86,,Riley,86,,Sam,93,,Andrew,94,,Ashton,86,,Zachary,91,,Elijah,98,,Luca,96,,Cody,83,,Ashton,94,,Toby,96,,Luca,87,,Alex,85,,Arlo,80,,Logan,95,,Jayden,94,,Beau,88,,Ryder,88,,Blake,87,,Blake,77,,Braxton,78,,Zion,76
,56,Neville,132,,Patrick,121,,Robin,126,,Simon,129,,Kerry,132,,Malcolm,141,,Brett,140,,Brett,153,,Glenn,147,,Jeffrey,147,,Antony,136,,Russell,132,,Neil,133,,Gavin,130,,Allan,131,,Shaun,132,,Blair,123,,Warren,134,,Sean,124,,Blair,131,,Gavin,112,,Mathew,123,,Philip,117,,Gavin,111,,Gareth,102,,Philip,106,,Joel,97,,Brett,88,,Tony,86,,Gregory,93,,Edward,90,,Patrick,96,,Jacob,87,,Sean,94,,Kyle,93,,Logan,100,,Ben,102,,George,117,,Stephen,106,,Isaac,111,,Taylor,113,,Blake,112,,Shaun,95,,Jamie,98,,Kyle,96,,Jamie,92,,Christian,87,,Sam,86,,Levi,85,,Zachary,93,,Jake,94,,Hamish,86,,Angus,88,,Ben,97,,Mason,96,,Sam,83,,John,91,,Flynn,87,,John,87,,Zachary,80,,Michael,79,,Hugo,94,,Jaxon,93,,Ezra,88,,Xavier,86,,Harvey,86,,Jordan,76,,Edward,78,,Austin,75
,57,Terence,127,,Gordon,118,,Timothy,124,,Jeffrey,125,,Jeffrey,130,,Gavin,132,,Gavin,137,,Roger,147,,Donald,147,,Keith,134,,Douglas,135,,Malcolm,131,,Jason,133,,Jeffrey,129,,Jeffrey,130,,Graeme,127,,Hamish,120,,Brian,133,,Blair,120,,Benjamin,120,,Ian,112,,Samuel,121,,Dion,104,,Joshua,111,,Brett,97,,Bradley,106,,Wayne,91,,Patrick,84,,Alexander,85,,Philip,88,,Blair,86,,Kieran,91,,Troy,86,,Jared,93,,Kane,93,,Karl,100,,Troy,100,,Jeremy,112,,Joel,106,,Jayden,110,,George,107,,Caleb,109,,Jackson,95,,Jason,98,,Jason,90,,Christian,91,,Henry,87,,Patrick,85,,Zachary,83,,Levi,88,,Joel,94,,Sean,86,,Seth,88,,Jamie,94,,Aidan,92,,John,81,,Carter,90,,Ashton,86,,Phoenix,86,,Archie,80,,Jordan,78,,Matthew,93,,Aiden,91,,Michael,86,,Joseph,86,,Jaxon,85,,Harvey,73,,Jacob,78,,Edward,75
,58,Martin,120,,Leslie,118,,Leslie,122,,Lindsay,124,,Ronald,129,,Kerry,130,,Malcolm,136,,Patrick,145,,Malcolm,143,,Darryl,132,,Matthew,132,,Darrin,130,,Kenneth,131,,Nicholas,125,,Jonathan,129,,Antony,127,,Dion,118,,Ross,126,,Thomas,119,,Martin,118,,Brett,111,,Cameron,114,,Bradley,103,,Cameron,110,,Bradley,96,,Nigel,102,,Regan,91,,Edward,84,,Damian,83,,Jacob,86,,Tony,85,,Edward,91,,Ashley,85,,Tony,91,,Phillip,92,,Troy,98,,Mathew,100,,Callum,108,,Jeremy,105,,Callum,107,,Simon,104,,Anthony,104,,Jason,94,,Henry,97,,Angus,87,,Henry,91,,Harry,86,,Jamie,84,,Elijah,82,,Jamie,87,,Sam,94,,Henry,85,,Henry,87,,Leo,94,,Charles,92,,Elijah,81,,Cody,88,,Jaxon,82,,Alex,86,,Sebastian,79,,Finn,77,,Michael,90,,Archer,89,,Toby,84,,Louis,84,,Grayson,85,,Luka,73,,Harry,77,,Harvey,75
,59,Charles,120,,Terence,116,,Gavin,116,,Nigel,120,,Douglas,128,,George,125,,Ronald,134,,Kerry,140,,Jeffrey,143,,Edward,132,,Joseph,132,,Darryl,129,,Allan,127,,Russell,119,,Trevor,128,,Murray,126,,Graeme,116,,Thomas,125,,Dion,119,,Clinton,118,,Samuel,110,,Jamie,112,,Patrick,100,,Bradley,109,,Bevan,92,,Bevan,94,,Damian,91,,Grant,82,,Grant,80,,Joel,85,,Justin,85,,Ben,88,,Tony,82,,Edward,88,,Ben,89,,Ben,94,,Kieran,99,,Mathew,107,,Callum,105,,Oliver,103,,Brandon,102,,Zachary,103,,Peter,93,,Blake,95,,Zachary,86,,Taylor,91,,Jason,86,,Jesse,80,,Harry,82,,Aidan,86,,Reuben,90,,Oscar,85,,Jamie,87,,Sam,90,,Flynn,92,,Seth,81,,Eli,88,,David,79,,Zachary,84,,Charles,78,,Sebastian,75,,Arlo,90,,Theodore,87,,Jayden,84,,Charles,84,,Xavier,81,,Austin,72,,Harvey,77,,River,75
,60,Patrick,117,,Charles,116,,Dennis,116,,Gordon,119,,Joseph,124,,Ronald,124,,Patrick,130,,Joseph,137,,Roger,130,,Lance,130,,Gavin,132,,Patrick,123,,Joseph,126,,Trevor,119,,Barry,124,,Glen,126,,Ross,113,,Dion,125,,Adrian,119,,Gareth,117,,Clinton,109,,Dion,110,,Cameron,100,,Adrian,107,,Shannon,91,,Glen,92,,Nigel,89,,Sean,79,,Patrick,78,,Dean,85,,Kyle,85,,Philip,86,,Kane,82,,Troy,87,,Troy,87,,Joel,91,,Jared,96,,Joel,107,,Kieran,104,,Stephen,102,,Kyle,101,,Richard,102,,Brandon,92,,Alex,94,,Anthony,86,,Anthony,90,,Sam,85,,Sean,80,,Jonathan,82,,Joel,86,,Toby,90,,Xavier,85,,Bailey,86,,Xavier,88,,Henry,92,,David,81,,Jesse,87,,Felix,79,,Flynn,84,,John,76,,Lincoln,75,,Aiden,89,,Xavier,87,,Hudson,84,,Ezra,82,,John,78,,Braxton,72,,River,77,,Ezekiel,74
,61,Timothy,113,,George,113,,Charles,116,,George,113,,Gavin,118,,Nigel,121,,Shane,118,,Ronald,134,,Douglas,127,,Patrick,128,,Darryl,132,,Matthew,122,,Scott,124,,Edward,119,,Daniel,123,,Gavin,124,,Colin,110,,Alan,120,,Patrick,118,,Raymond,116,,Brian,108,,Gareth,108,,Gavin,97,,Damian,103,,George,91,,Stuart,90,,Dean,88,,Damian,79,,Edward,77,,Brendon,83,,Brent,85,,Carl,86,,Philip,81,,Philip,85,,Vincent,86,,Sam,90,,Alex,96,,Alex,104,,Kyle,103,,Kyle,102,,Alex,101,,Isaac,101,,Anthony,92,,Anthony,93,,Aaron,85,,Kyle,90,,Joel,84,,Jake,79,,Sean,80,,Mitchell,86,,Jamie,89,,Charlie,80,,David,86,,John,85,,Kingston,91,,Henry,80,,David,86,,Zachary,78,,Jaxon,84,,Austin,75,,Zachary,74,,Ezra,89,,Sebastian,86,,Nathan,82,,Jasper,80,,Louie,78,,Connor,72,,Riley,76,,Joseph,74
,62,Lindsay,108,,Craig,110,,Simon,113,,Gavin,111,,Nigel,115,,Terence,118,,George,118,,Gavin,132,,Gavin,125,,Gavin,128,,Roger,130,,Gavin,118,,Barry,124,,Allan,119,,Raymond,120,,Edward,121,,Murray,109,,Adam,119,,Edward,114,,Thomas,113,,Sean,106,,Sean,104,,Brett,97,,Jared,101,,Luke,90,,Wayne,89,,Shannon,86,,Glen,78,,Kevin,74,,Edward,83,,Ben,84,,Brett,80,,Jesse,81,,Logan,84,,Liam,86,,George,90,,Zachary,94,,Craig,94,,Isaac,103,,Brandon,102,,Jake,98,,Sam,98,,Reuben,91,,Richard,89,,Harry,84,,Angus,87,,Jonathan,83,,Riley,77,,Jesse,79,,Cole,85,,Henry,87,,Jamie,80,,Sam,86,,Jesse,84,,Jamie,89,,Aidan,79,,Henry,86,,John,76,,Angus,80,,Cameron,75,,Louis,72,,Theodore,88,,Theo,86,,Felix,79,,Nathan,79,,Jayden,78,,Ryder,72,,Roman,76,,Nikau,74
,63,Noel,101,,Lindsay,108,,Neville,113,,Dennis,111,,Neville,112,,Neville,118,,Edward,113,,Garry,128,,Matthew,123,,Joseph,125,,Russell,130,,Antony,116,,Patrick,123,,Raymond,118,,Glen,119,,Thomas,119,,Antony,108,,Nathan,112,,Martin,113,,Sean,112,,Brendan,106,,Joshua,103,,Damian,97,,Gareth,97,,Kevin,88,,Lance,89,,Raymond,83,,Dean,74,,Sean,73,,Troy,79,,Jacob,83,,Logan,78,,Edward,79,,Liam,82,,Carl,83,,Blair,87,,Mitchell,93,,Troy,92,,Corey,103,,Joel,100,,Jeremy,97,,Simon,97,,Bailey,89,,Ben,89,,Ben,83,,Blake,86,,Aaron,82,,Angus,76,,Hunter,76,,Oscar,85,,Callum,83,,Ben,79,,John,85,,Troy,83,,Adam,87,,Zachary,79,,Quinn,83,,Jordan,75,,Jordan,80,,Louis,75,,Theodore,71,,Xavier,87,,Caleb,85,,Harvey,79,,Edward,77,,Jasper,77,,Bodhi,71,,Sebastian,74,,Louis,73
,64,Rex,100,,Jeffrey,99,,Brent,112,,Bryan,109,,Dennis,112,,Gordon,117,,Kerry,112,,Douglas,128,,Nicholas,122,,Douglas,124,,Scott,129,,Donald,113,,Nicholas,117,,Kerry,115,,Thomas,118,,Ross,116,,Brendan,107,,Joseph,112,,Shaun,112,,Mathew,111,,Martin,99,,Brett,96,,Stuart,96,,Kevin,94,,Carl,88,,Darren,85,,Patrick,82,,Logan,73,,Ian,72,,Shannon,75,,Brendon,80,,George,78,,Gareth,78,,Caleb,81,,Logan,81,,Kieran,86,,Kyle,89,,Phillip,92,,Shane,102,,Corey,99,,Zachary,96,,Kyle,96,,Kyle,88,,Shaun,86,,Aidan,82,,Joel,86,,Ben,82,,Christian,76,,Bradley,75,,Sean,83,,Mitchell,83,,Aidan,76,,Ashton,82,,Joel,82,,David,86,,Kingston,77,,Jordan,80,,Austin,75,,Charles,78,,Ryder,74,,Roman,70,,Zachary,84,,Ryder,83,,Edward,79,,Arthur,77,,Austin,75,,Logan,71,,Bodhi,73,,Caleb,72
,65,Kerry,100,,Bryan,98,,Edward,109,,Tony,106,,Gordon,110,,Robin,110,,Robin,103,,Robin,121,,George,122,,Nicholas,121,,Garry,117,,Nicholas,111,,Edward,114,,Adrian,115,,Joseph,115,,Trevor,116,,Adam,106,,Antony,112,,Lance,111,,Geoffrey,109,,Jamie,99,,Raymond,95,,Ian,95,,Stuart,92,,Jared,87,,Logan,84,,Grant,81,,Jacob,72,,Wayne,71,,Patrick,75,,Troy,79,,Justin,76,,Lance,77,,George,80,,Mitchell,81,,Tony,84,,Cody,86,,Kieran,88,,Alex,101,,Kieran,98,,Mathew,93,,Jackson,94,,Joel,88,,Christian,86,,Henry,81,,Cody,85,,Jake,82,,Robert,76,,Dominic,74,,Angus,81,,Elijah,82,,Elijah,75,,Christopher,79,,Nicholas,82,,Joel,84,,Joel,77,,Adam,80,,Sam,74,,Quinn,78,,Michael,74,,Fletcher,70,,Ashton,83,,Dylan,81,,Ryder,78,,Toby,76,,Braxton,74,,Louie,71,,Luke,73,,Jayden,71
,66,Joseph,100,,Joseph,96,,Terence,102,,Charles,105,,Terence,106,,Dean,107,,Dean,100,,George,119,,Ronald,116,,Matthew,117,,Edward,117,,Kerry,111,,Antony,111,,Barry,115,,Brendon,114,,Graham,116,,Barry,106,,Patrick,110,,Gary,105,,Ian,109,,Bruce,99,,Damian,95,,Kevin,92,,Troy,88,,Damian,84,,Gavin,83,,Sean,80,,Lance,71,,Glen,71,,George,75,,Joel,77,,Jordan,76,,Liam,76,,Dean,80,,Kieran,80,,Vincent,83,,Isaac,84,,Kyle,84,,Mathew,98,,Jeremy,96,,Kieran,91,,Brandon,94,,Sam,86,,Sam,85,,Shaun,80,,Harry,85,,Jared,81,,Alex,75,,Aidan,73,,Christopher,81,,Jonathan,82,,Mason,73,,Hamish,79,,Sebastian,82,,Reuben,79,,Angus,76,,Charles,80,,Angus,72,,David,78,,David,73,,Aiden,68,,Theo,80,,Ezra,81,,Zachary,78,,Tyler,75,,Toby,73,,Edward,70,,Nico,73,,Jordan,71
,67,Brent,98,,Glenn,95,,Nigel,96,,Neville,104,,George,106,,Edward,106,,Neville,99,,Gordon,118,,Gordon,116,,Malcolm,113,,Donald,116,,George,109,,Darryl,108,,Antony,114,,Adrian,114,,Brendan,116,,Patrick,105,,Murray,109,,Cameron,105,,Bruce,108,,Hayden,97,,Brian,94,,Brendan,92,,Lee,87,,Lance,83,,Brett,83,,Brett,80,,Shannon,70,,Lance,68,,Kyle,74,,Raymond,76,,Brendon,75,,Dean,76,,Carl,78,,Edward,80,,Phillip,83,,Craig,84,,Edward,83,,Troy,96,,Taylor,95,,Levi,90,,Jared,93,,Blake,84,,Aidan,82,,Jared,79,,Jared,85,,Kyle,80,,Jonathan,75,,Finn,73,,Kyle,80,,Oscar,82,,Bailey,72,,Sean,79,,Seth,82,,Aaron,77,,Flynn,76,,Ryder,77,,Phoenix,71,,Felix,77,,Hugo,71,,Felix,68,,Sebastian,80,,Roman,80,,Braxton,78,,Jordan,75,,Connor,73,,Grayson,70,,Louie,72,,Tommy,71
,68,Craig,98,,Rex,94,,Bryan,95,,Edward,104,,Leslie,103,,Lance,102,,Gordon,98,,Terence,116,,Joseph,115,,Ronald,110,,Kerry,113,,Darryn,109,,Roger,107,,Carl,114,,Kerry,111,,Raymond,115,,Edward,105,,Barry,109,,Ross,104,,Warren,107,,Edward,97,,Brendan,94,,Corey,90,,Blair,87,,Glenn,83,,Brendan,83,,Adrian,78,,George,70,,Joel,67,,Damian,74,,Dylan,76,,Dean,72,,George,75,,Kurt,77,,George,78,,Caleb,80,,Phillip,82,,Caleb,82,,Zachary,95,,Jarrod,93,,Jarrod,87,,Reuben,92,,Alex,82,,Bailey,78,,Blake,79,,Finn,83,,Anthony,79,,Cole,74,,Xavier,73,,Dominic,79,,Patrick,82,,Christopher,72,,Mitchell,78,,Angus,81,,Bailey,76,,Carter,75,,Aiden,77,,Louis,71,,Archie,77,,Fletcher,71,,David,67,,Patrick,80,,Jordan,80,,Flynn,75,,Harvey,74,,Ryder,73,,Joseph,70,,Quinn,72,,Joshua,70
,69,Jeffrey,97,,Kerry,92,,Joseph,93,,Leslie,98,,Brett,103,,Nicholas,100,,Rodney,96,,Lance,114,,Charles,111,,Scott,107,,Nicholas,107,,Joseph,106,,Jonathan,106,,Roger,110,,Neil,110,,Rodney,113,,Raymond,104,,Graeme,107,,Alan,101,,Edward,105,,Cameron,97,,Adrian,93,,Clinton,90,,Sean,86,,Adrian,82,,Troy,82,,Edward,73,,Wayne,69,,Adrian,67,,Dylan,72,,Kieran,74,,Ricky,71,,Jordan,75,,Kane,77,,Sam,76,,Edward,80,,Vincent,81,,Jack,81,,Cody,90,,Shane,91,,Stephen,85,,Levi,90,,Richard,81,,Peter,77,,Taine,78,,Patrick,79,,Timothy,78,,Bradley,71,,Flynn,72,,Xavier,78,,Cole,75,,Callum,71,,Sebastian,77,,Zachary,78,,Lincoln,76,,Charles,73,,Seth,74,,Jesse,70,,Ashton,77,,Edward,70,,Ashton,67,,Archer,79,,Jasper,78,,Dylan,75,,Jayden,74,,Matthew,73,,Roman,69,,Logan,70,,Ryan,70
,70,Gavin,96,,Noel,91,,Lindsay,93,,Glenn,96,,Edward,101,,Shane,98,,Terence,95,,Charles,112,,Scott,108,,Terence,105,,Keith,103,,Daniel,105,,Douglas,103,,Daniel,108,,Carl,110,,Roger,113,,Kerry,103,,Jeffrey,107,,Colin,100,,Lance,96,,Adrian,96,,Patrick,92,,Joshua,87,,Patrick,86,,Stuart,81,,Clinton,82,,Brendan,73,,Brendan,69,,Brent,66,,Ben,72,,Grant,72,,Gregory,71,,Shannon,73,,Justin,73,,Justin,76,,Kurt,77,,Caleb,81,,Isaac,80,,Tyler,86,,Sam,91,,Jackson,85,,Mark,89,,Mark,79,,Keegan,72,,Jackson,78,,Levi,78,,Zane,77,,Elijah,71,,Mason,71,,Hayden,77,,Zachary,75,,Charles,70,,Charles,76,,Hamish,77,,Nicholas,76,,Lincoln,73,,Aaron,74,,Adam,68,,Edward,76,,Lincoln,69,,Archer,64,,Jake,78,,Braxton,78,,Asher,74,,Caleb,73,,Nathan,72,,Jayden,68,,Ryan,68,,Blake,69
,71,Rodney,95,,Neville,91,,Kerry,92,,Kerry,95,,Charles,94,,Brett,98,,Joseph,94,,Neville,111,,Garry,106,,Garry,104,,Lance,99,,Scott,102,,Daniel,103,,Malcolm,107,,Todd,108,,Barry,113,,Gavin,103,,Adrian,107,,Raymond,99,,Patrick,95,,Raymond,95,,Ian,91,,Lee,86,,Dion,85,,Regan,81,,Ross,80,,Ian,72,,Charles,69,,Raymond,66,,Sean,69,,Douglas,72,,Stuart,67,,Logan,73,,Isaac,71,,Tony,75,,Isaac,75,,Oliver,80,,Karl,80,,Oliver,85,,Levi,89,,Cody,85,,Steven,88,,Levi,79,,Justin,72,,Sam,77,,Reuben,78,,Robert,75,,Taylor,71,,Noah,70,,Flynn,76,,Sean,73,,Patrick,69,,Elijah,76,,Kingston,77,,Sam,75,,Sebastian,72,,Flynn,73,,Cody,68,,Hugo,73,,Adam,67,,Adam,62,,Fletcher,78,,Flynn,75,,Ashton,74,,Felix,70,,Roman,72,,Oakley,66,,Oakley,66,,Xavier,68
,72,Nigel,82,,Nigel,88,,Tony,91,,Brett,93,,Dean,94,,Joseph,96,,Eric,93,,Edward,109,,Edward,106,,Kerry,100,,Jonathan,99,,Douglas,100,,Aaron,99,,Jonathan,107,,Roger,107,,Joseph,112,,Shaun,102,,Brendan,107,,Murray,99,,Kerry,95,,Alan,94,,Ryan,87,,Raymond,86,,Clinton,84,,Troy,78,,Sean,80,,Glen,72,,Kevin,68,,George,65,,Jordan,67,,Charles,72,,Brent,67,,Carl,73,,Gregory,70,,Kevin,71,,Kane,75,,Justin,80,,Tyler,79,,Jarrod,84,,Zachary,85,,Steven,84,,Henry,86,,Kieran,75,,Joel,72,,Joel,75,,Scott,72,,Alex,73,,Timothy,71,,Kyle,69,,Aaron,75,,Christopher,72,,Aaron,68,,Hayden,75,,Charles,76,,Christian,73,,Hamish,72,,Edward,72,,Archie,67,,Cameron,70,,Jordan,67,,Edward,62,,Angus,78,,Angus,75,,Arthur,74,,Aiden,69,,Sebastian,72,,Xavier,64,,Charles,65,,Nico,67
,73,Alexander,82,,Tony,87,,Rex,88,,Joseph,91,,Nicholas,93,,Leslie,95,,Lance,92,,Nicholas,104,,Bryan,106,,George,99,,Daniel,99,,Lance,97,,Malcolm,97,,Glen,105,,Graham,107,,Patrick,110,,Rodney,102,,Raymond,106,,Barry,99,,Ross,92,,Joshua,93,,Lee,86,,Sean,85,,Bevan,84,,Ian,78,,Edward,79,,Logan,71,,Joel,68,,Shannon,65,,Kevin,67,,Ian,70,,Raymond,65,,Charles,73,,Ricky,68,,Shannon,70,,Kevin,74,,Edward,80,,Oliver,76,,Regan,83,,Ben,85,,Troy,82,,Alex,86,,Simon,73,,Jackson,71,,Reuben,71,,Brandon,71,,Elijah,73,,Joel,70,,Sam,69,,Anthony,74,,Mason,72,,Brayden,68,,Leo,75,,Christopher,76,,Seth,72,,Aiden,71,,Phoenix,70,,Charles,66,,Aiden,68,,Felix,65,,Beau,62,,Felix,75,,Hudson,74,,Sebastian,73,,Austin,68,,Angus,70,,Flynn,63,,Jordan,64,,Bodhi,66
,74,Bryan,79,,Alexander,82,,Glenn,86,,Rodney,90,,Rodney,92,,Charles,90,,Antony,90,,Daniel,103,,Daniel,104,,Jonathan,93,,Glen,98,,Sean,92,,Kerry,95,,Karl,101,,Karl,107,,Allan,110,,Lance,102,,Kerry,104,,Graham,94,,Vaughan,91,,Ryan,92,,Geoffrey,86,,Gary,84,,Edward,84,,Ross,77,,Jeffrey,73,,Martin,70,,Stuart,66,,Jonathon,64,,Brendan,67,,Shannon,69,,Oliver,65,,Gregory,72,,Blair,68,,Alex,70,,Justin,74,,Karl,78,,Ben,75,,Rhys,83,,Paul,84,,Jared,80,,Shane,82,,Jared,71,,Kieran,70,,Keegan,70,,Peter,71,,Scott,72,,Jared,68,,Brandon,68,,Henry,74,,Angus,70,,Toby,68,,Aidan,74,,Adam,75,,Andrew,71,,Nicholas,71,,Lincoln,70,,Ryder,65,,Sam,66,,Jesse,64,,Hugo,61,,Asher,75,,Edward,73,,Jaxon,73,,Michael,67,,Jordan,70,,Nikau,63,,Ari,62,,Logan,66
,75,Owen,76,,Brent,82,,Rodney,82,,Terence,88,,Lance,92,,Rodney,89,,Daniel,88,,Glenn,101,,Lance,103,,Neville,92,,Terence,94,,Rodney,92,,George,93,,Aaron,101,,Antony,107,,Kerry,108,,Adrian,102,,Rodney,103,,Todd,93,,Jamie,91,,Gary,92,,Clinton,85,,Adrian,83,,Regan,83,,Raymond,77,,Raymond,72,,Alexander,68,,Martin,66,,Brett,63,,Caleb,67,,Ricky,68,,Sean,64,,Brent,70,,Kevin,66,,Brendon,70,,Harley,71,,Kane,78,,Zachary,74,,Edward,83,,Alex,84,,Corey,80,,Harrison,81,,Harry,71,,Mark,68,,Christian,70,,Taine,71,,Aidan,69,,Jason,68,,Angus,67,,Patrick,73,,Kaleb,70,,Anthony,67,,Andrew,73,,Bailey,75,,Carter,71,,Reuben,69,,Nicholas,69,,Aidan,61,,Louis,64,,Andrew,63,,Grayson,60,,Grayson,74,,Ashton,73,,Beauden,70,,Bodhi,65,,Louis,69,,Toby,63,,Connor,62,,Sebastian,65
,76,Tony,75,,Arthur,82,,Noel,80,,Nicholas,86,,Derek,88,,Bryan,88,,Leslie,87,,Antony,100,,Terry,97,,Gordon,92,,George,93,,Shayne,89,,Derek,91,,Darryl,99,,Edward,102,,Jeffrey,108,,Russell,99,,Mathew,103,,Mathew,93,,Bevan,90,,Troy,88,,Martin,84,,Brian,82,,Brian,80,,Patrick,77,,Glenn,71,,Jacob,67,,Nigel,66,,Kane,63,,Nigel,66,,Glen,68,,Isaac,64,,Brendon,67,,Ben,66,,Gregory,69,,Philip,68,,Ashley,78,,Vincent,74,,Jayden,82,,Regan,83,,Sam,78,,Jeremy,77,,Corey,70,,Reuben,68,,Troy,68,,Jarrod,70,,Angus,69,,Kyle,68,,Brayden,66,,Bradley,70,,Seth,70,,Angus,66,,Ben,72,,Callum,74,,Sebastian,71,,Phoenix,67,,Aidan,69,,Andrew,61,,Joel,63,,Ashton,63,,Alex,60,,Austin,74,,Asher,71,,Charles,70,,John,64,,Edward,65,,Aiden,62,,Nathan,62,,Ryder,64
,77,Eric,72,,Rodney,75,,Alexander,75,,Lance,86,,Shane,86,,Derek,84,,Dennis,87,,Derek,99,,Adrian,96,,Daniel,92,,Sean,87,,Adrian,88,,Lance,90,,Joseph,98,,Russell,98,,George,102,,Jeffrey,99,,Neil,99,,Kerry,93,,Jeffrey,89,,Gareth,88,,Bevan,82,,Ross,81,,Ross,78,,Sean,73,,Damian,71,,Glenn,65,,Brad,66,,Dean,61,,Travis,65,,Brendan,68,,Jonathon,64,,Sean,65,,Brendon,64,,Rhys,68,,Callum,68,,Zane,77,,Cory,74,,Levi,78,,Kane,81,,Paul,75,,Jarrod,76,,Angus,69,,Steven,67,,Jeremy,68,,Sam,69,,Brandon,69,,Oscar,67,,Oscar,64,,Jesse,70,,Aaron,69,,Christian,66,,Kaleb,72,,Lukas,70,,Angus,70,,Adam,67,,Sam,68,,Christian,59,,Kayden,63,,Aiden,63,,Cameron,60,,Hudson,72,,David,70,,Bodhi,70,,Quinn,62,,Tyler,64,,Quinn,62,,Aiden,61,,Quinn,62
,78,Lawrence,71,,Simon,69,,Eric,71,,Eric,82,,Noel,85,,Dennis,82,,Terry,85,,Leslie,98,,Neville,94,,Bryan,91,,Charles,86,,Edward,87,,Donald,90,,Douglas,98,,Kelvin,97,,Dion,100,,Graham,99,,Colin,99,,Clinton,93,,Samuel,88,,Kerry,86,,Edward,82,,Geoffrey,81,,Brett,78,,Geoffrey,73,,Regan,69,,Ross,64,,Raymond,65,,Logan,60,,Kane,64,,Adrian,66,,Brendan,64,,Oliver,65,,Charles,64,,Jack,68,,Mitchell,67,,Jack,77,,Rhys,72,,Ben,78,,Henry,81,,Henry,75,,Troy,75,,Troy,68,,Trent,66,,Richard,67,,Campbell,68,,Cole,66,,Troy,66,,Anthony,63,,Robert,65,,Aidan,68,,Hayden,65,,Troy,72,,Aaron,68,,Ben,70,,Callum,67,,Marcus,68,,Kingston,59,,Kingston,61,,Maxwell,62,,Austin,59,,John,67,,Zachary,69,,Grayson,69,,Flynn,62,,Adam,63,,River,61,,Ryder,61,,Spencer,62
,79,Glenn,71,,Maurice,67,,Derek,66,,Bernard,81,,Lindsay,84,,Terry,81,,Matthew,85,,Matthew,93,,Darryl,92,,Derek,87,,Ronald,84,,Garry,84,,Darryn,87,,Adam,95,,Douglas,96,,Malcolm,97,,Trevor,97,,Darryl,98,,Warren,92,,Todd,86,,Duncan,86,,Gary,81,,Martin,79,,Brad,77,,Corey,72,,Shannon,68,,Kevin,63,,Ross,65,,Geoffrey,60,,Glen,64,,Sean,64,,Ian,63,,Brett,65,,Shannon,63,,Dean,68,,Charles,67,,Blair,74,,Kane,72,,Phillip,77,,Cody,81,,Shane,72,,Corey,73,,Paul,66,,Corey,65,,Levi,64,,Aidan,67,,Taylor,66,,Anthony,65,,Kaleb,63,,Brayden,64,,Anthony,68,,Mitchell,63,,Cooper,71,,Reuben,68,,Troy,70,,Quinn,66,,Brooklyn,64,,Ben,58,,Nathaniel,60,,Joel,61,,Patrick,58,,Charles,67,,Quinn,67,,Tyler,68,,Gabriel,61,,Ashton,63,,Angus,60,,Toby,61,,Aiden,60
,80,Arthur,71,,Lance,63,,Norman,62,,Rex,80,,Eric,83,,Glenn,80,,Nicholas,85,,Bryan,93,,Robin,89,,Charles,87,,Shayne,81,,Ronald,83,,Darrin,87,,George,85,,Kenneth,94,,Hamish,97,,Malcolm,97,,Clinton,98,,Graeme,92,,Ryan,85,,Damian,84,,Alan,80,,Gareth,76,,Darren,75,,Edward,72,,Patrick,68,,George,62,,Alexander,65,,Alan,59,,Grant,64,,Kevin,64,,Caleb,63,,Raymond,63,,Lee,62,,Callum,68,,Shannon,66,,Tony,72,,Jarrod,71,,Reuben,76,,Mathew,78,,Zane,71,,Stephen,72,,Steven,65,,Kane,64,,Finn,64,,Xavier,67,,Peter,65,,Dominic,65,,Patrick,63,,Toby,64,,Jesse,67,,Adam,61,,Mason,69,,Taylor,67,,Zachary,69,,Ben,66,,Chase,64,,Quinn,58,,Robert,60,,Patrick,60,,Jake,58,,Aaron,66,,Jake,67,,John,68,,Dylan,61,,Luka,62,,Dylan,60,,Austin,58,,Angus,60
,81,Bernard,68,,Eric,62,,Lance,62,,Noel,80,,Glenn,79,,Daniel,80,,Bryan,84,,Dennis,89,,Terence,87,,Antony,86,,Kelvin,80,,Keith,83,,Ronald,85,,Keith,85,,Derek,94,,Justin,96,,Kenneth,97,,Graham,96,,Jeffrey,91,,Damian,85,,Colin,84,,Bruce,80,,Edward,76,,Ian,73,,Dion,70,,Alexander,67,,Clinton,62,,Brian,64,,Ross,59,,Brad,64,,Jordan,63,,Marcus,61,,Ricky,62,,Martin,61,,Philip,66,,Lance,66,,Kurt,72,,Kurt,69,,Justin,74,,Aidan,77,,Harrison,70,,Ashley,72,,Justin,65,,Levi,63,,Campbell,63,,Richard,64,,Xavier,64,,Peter,65,,Sebastian,61,,Brodie,63,,Brayden,66,,Cole,61,,Luca,68,,Hayden,66,,Edward,68,,Gabriel,66,,Joel,64,,Nathaniel,58,,Lincoln,60,,Beau,60,,Aaron,58,,Adam,66,,Charles,67,,Matthew,66,,Nixon,59,,Zion,61,,Michael,60,,Freddie,58,,Finley,58
,82,Denis,66,,Francis,61,,Maurice,61,,Daniel,75,,Bryan,79,,Noel,77,,Kelvin,81,,Jonathan,87,,Jonathan,84,,Kelvin,79,,Derek,80,,Glen,82,,Adrian,84,,Todd,81,,Malcolm,89,,Kenneth,95,,Neil,94,,Edward,96,,Gareth,90,,Marcus,84,,George,83,,Duncan,79,,Brad,75,,Duncan,70,,Brian,70,,Kevin,66,,Corey,61,,Clinton,63,,Leon,59,,Corey,64,,Dean,62,,Jesse,61,,Brendan,62,,Gareth,61,,Tyson,65,,Alex,66,,Dean,70,,Blair,69,,Henry,74,,Edward,75,,Blake,70,,Rhys,71,,Kane,65,,Regan,62,,Alex,62,,Kaleb,63,,Flynn,63,,Xavier,65,,Timothy,60,,Taylor,62,,Robert,66,,Kyle,61,,Phoenix,68,,Robert,66,,Robert,67,,Hayden,65,,Christian,64,,Sebastian,57,,Beau,59,,Sam,58,,Charles,57,,Roman,65,,Louis,63,,Gabriel,64,,Beauden,59,,Wyatt,61,,Nathan,60,,Michael,58,,Nathan,58
,83,Ivan,65,,Bernard,59,,Shane,60,,Owen,70,,Rex,73,,Lindsay,77,,Glenn,78,,Adrian,79,,Derek,83,,Carl,76,,Rodney,78,,Kelvin,82,,Carl,84,,Donald,81,,Hamish,85,,Blair,95,,Todd,93,,Russell,95,,Vaughan,89,,Gary,84,,Bradley,82,,Todd,77,,Leon,72,,Martin,69,,Martin,69,,Adrian,64,,Charles,60,,Adrian,61,,Darren,56,,Charles,63,,Ross,61,,Kevin,59,,Alan,62,,Lance,61,,Gareth,65,,Cody,66,,Tyson,68,,Zane,68,,Connor,74,,Vincent,73,,Ashley,69,,Max,71,,Regan,63,,Simon,61,,Mark,61,,Louis,60,,Dominic,59,,Zane,64,,Jason,59,,Timothy,61,,Carlos,65,,Quinn,60,,Aaron,67,,Sean,66,,Hamish,66,,Felix,63,,Archie,63,,Lincoln,57,,Adam,58,,Phoenix,58,,Nixon,54,,David,65,,Adam,62,,David,64,,Matthew,57,,Charles,60,,Sebastian,60,,Spencer,58,,Leon,56
,84,Francis,63,,Stewart,58,,Gerard,60,,Alexander,69,,Bernard,73,,Eric,72,,Derek,77,,Lindsay,78,,Dennis,81,,Dennis,75,,Neville,74,,Carl,82,,Karl,83,,Derek,79,,Brendan,82,,Douglas,93,,Joseph,91,,Trevor,93,,Benjamin,86,,Brendan,84,,Patrick,81,,Leon,73,,Todd,71,,Raymond,69,,Gavin,69,,Kyle,62,,Douglas,59,,Bevan,60,,Nigel,56,,Kieran,62,,Logan,59,,Rory,58,,Cody,62,,Mitchell,60,,Brendan,65,,Tyson,65,,Callum,63,,Henry,68,,Blair,73,,Jake,70,,Regan,68,,Kane,68,,Christian,63,,Kevin,61,,Jarrod,60,,Flynn,58,,Tyrone,59,,Kaleb,63,,Christian,58,,Gabriel,59,,Troy,64,,Reuben,58,,Dominic,66,,Andrew,64,,Dominic,65,,Tyson,63,,Dominic,62,,Seth,56,,Jasper,57,,Declan,58,,Angus,54,,Louis,64,,Arthur,62,,Patrick,63,,Angus,57,,Bodhi,59,,David,59,,Zion,57,,Adam,55
,85,Mervyn,61,,Owen,58,,Daniel,58,,Dean,69,,Maurice,67,,Maurice,71,,Charles,77,,Kelvin,77,,Antony,80,,Rodney,74,,Darren,74,,Gordon,80,,Charles,79,,Bryan,78,,Adam,80,,Jeremy,92,,Douglas,86,,Benjamin,93,,Antony,86,,Cameron,83,,Lance,79,,Rhys,72,,Rhys,71,,Quentin,67,,Alexander,69,,Russell,61,,Stuart,58,,Glenn,59,,Dylan,55,,Douglas,62,,Jonathon,57,,Grant,57,,Sam,60,,Cody,60,,Oliver,63,,Zane,65,,Henry,61,,Jayden,67,,Kane,72,,Rhys,67,,Justin,68,,Harry,68,,Mathew,62,,Harry,61,,Peter,58,,Hunter,58,,Campbell,57,,Aaron,62,,Cole,58,,Jonathan,59,,Jason,62,,Troy,58,,Brooklyn,64,,Dominic,64,,Isaiah,65,,Mitchell,63,,Patrick,62,,Edward,56,,Tyson,57,,Arlo,57,,Jasper,52,,Edward,64,,Leon,61,,Leon,62,,Wyatt,56,,Isaiah,59,,Ezekiel,59,,Jaxon,56,,Matthew,55
,86,Henry,61,,Gerard,56,,Desmond,58,,Warwick,68,,Alexander,66,,Matthew,69,,Jonathan,76,,Rodney,75,,Noel,76,,Terry,71,,Bryan,74,,Jonathan,78,,Hamish,76,,Shaun,77,,Lance,78,,Darryl,92,,Allan,85,,Todd,91,,Neil,85,,Malcolm,82,,Geoffrey,79,,Graeme,71,,Kerry,71,,Geoffrey,66,,Brendan,68,,Brian,61,,Dylan,58,,Corey,59,,Marcus,55,,Clinton,62,,Todd,56,,Glen,57,,Adrian,60,,Alex,59,,Ricky,63,,Ricky,65,,Charles,61,,Charles,67,,Vincent,71,,Karl,66,,Vincent,67,,Trent,65,,Max,62,,Angus,61,,Paul,57,,Jeremy,57,,Hunter,56,,Charles,61,,Toby,58,,Leo,59,,Hayden,61,,Jonathan,57,,Taylor,64,,Isaiah,62,,Phoenix,64,,Ryder,61,,Reuben,61,,Marcus,56,,Dominic,57,,Kingston,57,,John,51,,Phoenix,63,,Harvey,61,,Kingston,62,,Louie,56,,Ezekiel,59,,Adam,58,,John,56,,Oakley,54
,87,Gerard,60,,Nicholas,55,,Nicholas,56,,Derek,68,,Alistair,64,,Alexander,68,,Scott,72,,Bernard,75,,Gerard,74,,Robin,71,,Robin,73,,Charles,75,,Bryan,75,,Hamish,76,,George,77,,Adam,88,,Bryan,84,,Shaun,91,,Julian,83,,Julian,82,,Antony,76,,Jeffrey,70,,Duncan,70,,Allan,66,,Lee,67,,Martin,60,,Bevan,58,,Jesse,58,,Douglas,53,,Ricky,59,,Caleb,56,,Damian,57,,Grant,59,,Morgan,58,,Raymond,63,,Jack,65,,Todd,60,,Ricky,66,,Ashley,71,,Justin,66,,Blair,64,,Angus,64,,Stephen,61,,Max,59,,Oscar,57,,Trent,57,,Josh,56,,Flynn,60,,Zane,58,,Regan,59,,Charles,60,,Leo,57,,Christian,63,,Patrick,62,,Brooklyn,63,,Cole,60,,Sebastian,61,,Fletcher,56,,Zac,57,,Theodore,57,,Hudson,51,,Nixon,60,,John,61,,Reuben,61,,Roman,55,,Dylan,59,,Charles,58,,Micah,56,,Tobias,54
,88,Norman,59,,Roy,53,,Ivan,55,,Maurice,67,,Terry,63,,Rex,67,,Adrian,71,,Carl,74,,Lindsay,73,,Eric,71,,Gordon,73,,Bryan,71,,Keith,74,,Charles,74,,Blair,75,,Lee,87,,Jeremy,83,,Cameron,88,,George,81,,Troy,80,,Todd,75,,Corey,70,,Damon,70,,Kenneth,65,,Leon,66,,Douglas,60,,Jarrod,56,,Kenneth,58,,Lee,53,,Logan,58,,Wayne,55,,Corey,56,,Isaac,58,,Rhys,58,,Caleb,63,,Brett,65,,Regan,59,,Levi,66,,Taylor,69,,Blake,65,,Edward,63,,Campbell,64,,Campbell,61,,Tyrone,57,,Trent,56,,Jason,56,,Kieran,56,,Isaiah,60,,Jared,56,,Mason,58,,Phoenix,60,,Brooklyn,56,,Quinn,63,,Phoenix,62,,Archie,62,,Christian,59,,Taylor,60,,Robert,55,,Hayden,56,,Jonathan,56,,Ezra,51,,Kayden,60,,Aaron,61,,Phoenix,60,,Luka,55,,Aiden,57,,Jaxon,57,,Otis,56,,Ari,53
,89,Derek,59,,Derek,53,,Bernard,55,,Terry,63,,Ivan,61,,Kelvin,67,,Lindsay,70,,Eric,72,,Alistair,72,,Adrian,71,,Leslie,71,,Daryl,68,,Kelvin,72,,Terry,73,,Donald,74,,Kelvin,86,,Roger,80,,Roger,86,,Damian,81,,Antony,79,,Bevan,74,,Malcolm,68,,Troy,68,,Charles,64,,Kyle,66,,Corey,60,,Gary,56,,Lee,58,,Jacob,52,,Geoffrey,58,,Stuart,55,,Todd,55,,Ben,58,,Sam,56,,Reuben,62,,Zachary,64,,Lance,59,,Harley,66,,Karl,69,,Zane,62,,Reuben,62,,Paul,63,,Shane,59,,Mathew,57,,Zane,56,,Justin,56,,Mark,56,,Lewis,59,,Taylor,56,,Peter,58,,Dominic,59,,Gabriel,55,,Jonathan,61,,Christian,61,,Callum,62,,Zion,59,,Fletcher,60,,Maxwell,54,,Fletcher,56,,Aaron,55,,Theo,50,,Cameron,60,,Gabriel,60,,Angus,60,,Ashton,55,,Michael,56,,Harley,55,,Gabriel,55,,Flynn,53
,90,Desmond,57,,Gerald,52,,Terry,54,,Gerard,63,,Desmond,61,,Jonathan,67,,Alexander,70,,Darryl,72,,Rodney,71,,Alexander,71,,Adrian,71,,Adam,68,,Brendan,72,,Lance,72,,Darryl,73,,Todd,85,,George,80,,Gareth,85,,Douglas,80,,George,78,,Damon,74,,Damon,67,,Andre,68,,Alan,64,,Darren,66,,Neil,59,,Darren,55,,Isaac,57,,Ben,52,,Adrian,58,,Isaac,55,,Alan,55,,Kurt,57,,Raymond,56,,Lance,61,,Rhys,64,,Shannon,57,,Tony,65,,Craig,67,,Blair,62,,Ben,62,,Mathew,61,,Ben,59,,Kaleb,57,,Shane,55,,Lewis,56,,Taine,55,,Seth,59,,Robert,55,,Charlie,57,,Luca,59,,Luca,55,,Cole,58,,Gabriel,61,,Kyle,62,,Chase,58,,Louis,60,,Zac,54,,Sebastian,53,,Marcus,55,,Marcus,50,,Alex,60,,Patrick,58,,Louis,59,,Zachary,54,,Zachary,53,,Zion,55,,Isaiah,55,,Otis,53
,91,Simon,56,,Hugh,50,,Stewart,54,,Shane,57,,Daniel,61,,Arthur,67,,Owen,65,,Terry,70,,Eric,70,,Lindsay,68,,Terry,69,,Robin,67,,Brendon,72,,Kelvin,70,,Bryan,72,,Russell,84,,Kelvin,80,,Kelvin,84,,Roger,79,,Graeme,78,,Leon,71,,Marcus,66,,Alexander,68,,Leon,63,,Alan,64,,Lee,59,,Brian,55,,Ben,57,,Corey,51,,Raymond,56,,Jesse,55,,Brad,54,,Lee,57,,Oliver,56,,Brett,60,,Trent,62,,Marcus,56,,Ashley,64,,Charles,66,,Max,61,,Phillip,61,,Vincent,60,,Jeremy,58,,Jared,57,,Kieran,55,,Regan,56,,Troy,55,,Tyrone,59,,Campbell,53,,Christian,57,,Timothy,58,,Nathaniel,55,,Robert,58,,Jonathan,61,,Luka,61,,Edward,58,,Robert,59,,Zion,54,,Aaron,52,,Angus,54,,Nathaniel,50,,Harley,58,,Grayson,56,,Owen,59,,Phoenix,54,,Micah,51,,Micah,53,,Miles,55,,Toby,52
,92,Maurice,52,,Warwick,48,,Arthur,54,,Jonathan,57,,Owen,60,,Adrian,67,,Noel,65,,Scott,67,,Carl,68,,Glen,68,,Daryl,67,,Karl,66,,Todd,71,,Brendan,68,,Terry,67,,Charles,83,,Daryl,79,,Marcus,83,,Ryan,78,,Darryl,78,,Russell,70,,Kane,66,,Bruce,68,,Rhys,63,,Brad,64,,Ian,59,,Jonathon,54,,Tristan,56,,Fraser,51,,Ian,56,,Dion,54,,Ashley,54,,Stuart,56,,Brendan,56,,Isaac,59,,Oliver,61,,Carl,56,,Dean,62,,Zane,63,,Jackson,59,,Aidan,60,,Aidan,60,,Blair,57,,Elijah,55,,Cole,54,,Shaun,55,,Louis,54,,Scott,57,,Trent,52,,Jason,57,,Leo,57,,Dominic,51,,Carlos,57,,Louis,60,,Hayden,60,,Andrew,56,,Sione,58,,Tyson,53,,Israel,52,,Aidan,53,,Asher,49,,Kingston,58,,Kingston,56,,Jasper,59,,Kingston,54,,Harley,51,,Kingston,52,,Zachary,55,,Connor,51
,93,Nicholas,52,,Norman,48,,Kelvin,53,,Darryl,57,,Lawrence,60,,Francis,65,,Darryl,65,,Kim,66,,Kelvin,67,,Leslie,67,,Francis,64,,Derek,65,,Gordon,70,,Dion,65,,Justin,67,,Lance,79,,Darryl,78,,George,83,,Rodney,78,,Alan,78,,Kyle,69,,Bradley,66,,George,67,,Bruce,63,,Jarrod,62,,Charles,58,,Kenneth,53,,Regan,55,,Jordan,51,,Brent,56,,Alan,54,,Kane,53,,Corey,56,,Brett,55,,Corey,56,,Gareth,61,,Trent,55,,Justin,61,,Dillon,63,,Reuben,58,,Charles,60,,Ben,60,,Edward,56,,Charles,54,,Brodie,54,,Troy,55,,Sione,54,,Kane,56,,Aaron,50,,Jared,56,,Quinn,57,,Kaleb,51,,Kyle,57,,Lincoln,59,,Christopher,59,,Roman,56,,Tyson,58,,Jamie,53,,Marcus,51,,Isaiah,53,,Quinn,48,,Isaiah,56,,Fletcher,56,,Wyatt,58,,Harley,54,,Flynn,51,,Patrick,52,,Leon,54,,Frederick,50
,94,Lance,52,,Mervyn,48,,Francis,52,,Francis,56,,Gerard,60,,Stewart,62,,Warwick,64,,Alexander,65,,Leslie,66,,Noel,66,,Karl,61,,Bernard,65,,Adam,70,,Brendon,65,,Jeremy,67,,Samuel,69,,Mathew,68,,Lance,81,,Jamie,78,,Corey,78,,Darryl,69,,Antony,66,,Jared,64,,George,62,,Bruce,61,,Leon,57,,Kyle,52,,Gary,55,,Isaac,50,,Ross,54,,Kane,53,,Adrian,53,,Harley,54,,Todd,54,,Charles,56,,Dean,61,,Rhys,55,,Brendan,58,,Max,61,,Trent,57,,Rhys,58,,Regan,58,,Rhys,55,,Sione,53,,Corey,54,,Kevin,53,,Isaiah,53,,Mason,56,,Charles,50,,Seth,56,,Regan,56,,Phoenix,51,,Edward,56,,Peter,59,,Felix,59,,Troy,56,,Mitchell,57,,Nicholas,53,,Aidan,51,,Roman,53,,Harley,48,,Gabriel,54,,Phoenix,55,,Roman,55,,Adam,54,,Phoenix,50,,Manaia,51,,Ezekiel,53,,Micah,50
,95,Brett,52,,Desmond,48,,Dean,50,,Mervyn,53,,Arthur,60,,Alistair,62,,Gerard,64,,Henry,61,,Ricky,63,,Sean,64,,Hamish,61,,Neville,61,,Shayne,69,,Darryn,64,,Daryl,64,,Donald,67,,Derek,68,,Daryl,81,,Darryl,78,,Kyle,74,,Marcus,68,,Kyle,65,,Douglas,64,,Brendan,61,,Duncan,60,,Geoffrey,57,,Jeffrey,52,,Dylan,55,,Troy,50,,Oliver,54,,Martin,52,,Charles,53,,Mitchell,51,,Henry,54,,Harley,55,,Brendan,58,,Ricky,55,,Carl,57,,Philip,61,,Marcus,57,,Harry,58,,Tyrone,56,,Keegan,55,,Stephen,53,,Lewis,53,,Kieran,52,,Justin,53,,Hunter,55,,Marcus,50,,Louis,55,,Gabriel,55,,Robert,50,,Carter,55,,Luka,58,,Quinn,59,,Austin,55,,Gabriel,57,,Cruz,52,,Asher,50,,Archer,52,,Vincent,47,,Jordan,54,,Beauden,55,,Nixon,54,,Fletcher,53,,Reuben,50,,Spencer,50,,Tyler,53,,Michael,50
,96,Daniel,49,,Brett,48,,Lawrence,48,,Norman,52,,Warwick,58,,Gerard,61,,Alistair,64,,Alistair,61,,Karl,60,,Karl,63,,Brendon,61,,Gerard,60,,Robin,68,,Gordon,63,,Robin,62,,Derek,66,,Benjamin,68,,Allan,79,,Charles,77,,Kelvin,73,,Kelvin,67,,George,65,,Alan,64,,Jarrod,60,,Andre,59,,Alan,57,,Alan,52,,Jonathon,53,,Ricky,50,,Marcus,54,,Leon,52,,Ross,52,,Kevin,51,,Stuart,53,,Kurt,55,,Carl,58,,Brendon,55,,Marcus,52,,Kurt,57,,Campbell,56,,Todd,56,,Keanu,54,,Aidan,55,,Zane,52,,Louis,52,,Mathew,52,,Mason,53,,Noah,55,,Scott,49,,Rhys,54,,Peter,55,,Sebastian,50,,Gabriel,55,,Austin,56,,Cole,57,,Tristan,55,,Leon,57,,Chase,52,,Zion,50,,Christian,52,,Phoenix,47,,Arthur,54,,Zion,54,,Jake,53,,Alex,52,,Gabriel,49,,Zachary,50,,Adam,52,,Ollie,50
,97,Frederick,49,,Lawrence,47,,Alistair,48,,Gerald,52,,Walter,57,,Carl,60,,Bernard,63,,Arthur,60,,Alexander,60,,Ricky,62,,Carl,60,,Eric,60,,Glen,68,,Daryl,62,,Ronald,61,,Nathan,61,,Charles,68,,Vaughan,77,,Brendan,76,,Allan,73,,Jared,67,,Darryl,65,,Shannon,63,,Alexander,60,,Clinton,58,,George,55,,Bruce,52,,Ian,53,,Kyle,50,,Lee,53,,Jeffrey,52,,Troy,51,,Henry,51,,Brent,51,,Henry,55,,Jonathon,57,,Brendan,55,,Raymond,52,,Kevin,56,,Phillip,55,,Lewis,56,,Charles,54,,Trent,54,,Jeremy,52,,Regan,51,,Elijah,51,,Regan,53,,Brayden,53,,Brodie,47,,Sebastian,54,,Christian,53,,Taylor,48,,Patrick,54,,Aidan,55,,Aiden,56,,Christopher,54,,Maxwell,56,,Christopher,51,,Patrick,49,,Gabriel,51,,Cohen,47,,Nikau,53,,Alex,54,,Adam,53,,Kayden,51,,Elliot,49,,Ari,49,,Harley,52,,Jaxon,49
,98,Roy,48,,Shane,46,,Brett,48,,Hugh,51,,Matthew,57,,Bernard,57,,Rex,59,,Warwick,57,,Stewart,59,,Bernard,61,,Stewart,58,,Dennis,60,,Terry,67,,Leslie,60,,Dion,61,,Ronald,59,,Lee,67,,Malcolm,76,,Trevor,74,,Bradley,70,,Julian,67,,Jared,64,,Charles,62,,Marcus,58,,Dwayne,57,,Duncan,55,,Duncan,51,,Alan,53,,Caleb,50,,Rory,52,,Ashley,52,,Geoffrey,51,,Martin,50,,Alan,50,,Alan,55,,Brendon,57,,Levi,54,,Jake,52,,Ricky,54,,Cory,55,,Karl,55,,Elliot,54,,Conor,54,,Lachlan,52,,Justin,51,,Keegan,51,,Riley,53,,Josiah,52,,Gabriel,47,,Kaleb,53,,Nathaniel,53,,Bradley,47,,Reuben,54,,Carter,54,,Gabriel,55,,Louis,54,,Felix,56,,Declan,50,,Leon,49,,Vincent,51,,Arthur,46,,Jesse,53,,Micah,52,,Spencer,52,,Grayson,50,,Nikau,48,,Ashton,49,,Tobias,51,,Miles,49
,99,Stewart,47,,Lloyd,46,,Leonard,47,,Allen,51,,Stewart,55,,Ivan,55,,Francis,59,,Noel,57,,Kim,59,,Henry,59,,Alexander,58,,Brendon,59,,Neville,67,,Alexander,60,,Samuel,58,,Bryan,59,,Vaughan,65,,Douglas,75,,Russell,73,,Leon,68,,Rodney,66,,Colin,64,,Lance,61,,Jacob,58,,Rhys,56,,Bruce,55,,Marcus,50,,Todd,52,,Micheal,49,,Leon,52,,Reuben,51,,Shannon,50,,Leon,50,,Grant,49,,Zachary,53,,Raymond,56,,Stefan,52,,Lance,52,,Martin,54,,Charles,55,,Rory,54,,Edward,53,,Vincent,53,,Brodie,52,,Edward,51,,Oscar,51,,Keegan,51,,Keegan,52,,Tom,47,,Nathaniel,53,,Brooklyn,52,,Edward,47,,Vincent,54,,Vincent,54,,Leon,55,,Brooklyn,54,,Ben,56,,Patrick,50,,Christopher,48,,Tyson,50,,Aidan,45,,Quinn,52,,Nixon,51,,Jesse,52,,David,50,,Leon,48,,John,49,,Beauden,50,,Niko,49
,100,Kelvin,47,,Frank,46,,Owen,45,,Stewart,50,,Leonard,55,,Owen,51,,Carl,58,,Gerard,56,,Henry,57,,Stewart,56,,Alistair,58,,Alexander,59,,Garry,66,,Samuel,59,,Shayne,57,,Kelly,58,,Cameron,62,,Alexander,70,,Kenneth,73,,Murray,68,,Warren,65,,Charles,64,,Clayton,59,,Kerry,57,,Neil,54,,Jarrod,54,,Gavin,50,,Jeffrey,52,,Reuben,47,,Glenn,51,,Kurt,51,,Lee,50,,Brad,50,,Zane,48,,Michael,52,,Rory,56,,Philip,52,,Brett,52,,Carl,54,,Raymond,53,,Kane,54,,Phillip,52,,Tyson,52,,Troy,51,,Dominic,50,,Quinn,51,,Seth,51,,Regan,52,,Jakob,46,,Vincent,53,,Justin,52,,Timothy,47,,Felix,51,,Brooklyn,53,,Marcus,55,,Hugo,53,,Lewis,56,,Roman,50,,Nate,48,,Dominic,50,,Lewis,44,,Harvey,52,,Harley,51,,Cohen,52,,Patrick,49,,David,48,,Matthew,48,,Jayden,50,,Parker,49